0.093018,0.976318,0.128418,-1.251908,1.099237,4.335878,1444880337.088442
0.087891,0.980469,0.134766,0.748092,3.099237,8.091603,1444880337.118615
0.092773,0.979248,0.134521,1.022901,-1.816794,30.977098,1444880337.148170
0.005859,0.97583,0.130127,3.557252,-0.854962,-0.396947,1444880337.178187
0.093262,0.977295,0.126953,-1.374046,0.351145,-2.061069,1444880337.208340
0.089355,0.980225,0.131104,1.526718,-0.152672,2.122137,1444880337.238756
0.087402,0.978516,0.130859,0.748092,1.603053,8.732824,1444880337.268098
0.094727,0.977295,0.129883,0.381679,1.801527,6.183206,1444880337.298172
0.092773,0.978271,0.128906,1.022901,-2.916031,-3.465649,1444880337.358495
0.091553,0.976562,0.131836,1.664122,0.549618,-2.59542,1444880337.388270
0.094727,0.977051,0.130371,-1.755725,-0.748092,-0.961832,1444880337.418264
0.09082,0.978516,0.134277,1.572519,-1.160305,3.603053,1444880337.448232
0.092529,0.979004,0.008301,1.755725,3.038168,1.89313,1444880337.478339
0.091553,0.979492,0.131592,-1.480916,2.351145,4.763359,1444880337.508414
0.088867,0.976318,0.133301,2.198473,-1.007634,9.389313,1444880337.538359
0.092529,0.979736,0.131836,3.206107,0.137405,0.625954,1444880337.568046
0.090576,0.979736,0.129395,-3.526718,0.687023,0.656489,1444880337.598393
0.091797,0.980713,0.126709,-1.022901,-0.503817,-2.534351,1444880337.628202
0.096436,0.977051,0.128174,-2.519084,-1.450382,-1.801527,1444880337.658173
0.091553,0.976074,0.129883,-1.389313,-0.854962,3.694656,1444880337.688325
0.088623,0.977539,0.133301,1.603053,2.351145,6.015267,1444880337.718321
0.092773,0.978516,0.130859,1.068702,2.946565,-1.206107,1444880337.748064
0.093262,0.975342,0.131348,-2.396947,1.29771,-5.725191,1444880337.778085
0.006592,0.975342,0.132324,0.793893,-2.366412,31.160305,1444880337.808058
0.086914,0.97583,0.133545,0.335878,3.206107,2.641221,1444880337.868047
0.094727,0.980469,0.13208,-0.290076,-1.160305,2.824427,1444880337.898076
0.079102,0.981689,0.137695,-0.748092,-0.396947,4.671756,1444880337.928286
0.091309,0.976807,0.124512,-3.755725,3.603053,-3.770992,1444880337.958181
0.09082,0.973389,0.133057,-0.656489,1.343511,-7.175572,1444880337.988278
0.092773,0.978271,0.139404,3.435115,3.801527,-0.564885,1444880338.018176
0.006348,0.977295,0.134277,1.755725,-1.267176,8.992367,1444880338.048211
0.088135,0.979248,0.128662,-0.198473,5.206107,11.038168,1444880338.078228
0.092529,0.977539,0.129639,-2.610687,0.183206,7.603054,1444880338.108431
0.087402,0.977783,0.133545,-0.793893,2.946565,5.648855,1444880338.138446
0.093506,0.977783,0.134521,-0.290076,1.648855,8.473283,1444880338.168185
0.091797,0.979736,0.128906,-1.251908,0.793893,1.175573,1444880338.198214
0.089355,0.979248,0.128174,-1.755725,0.70229,0.48855,1444880338.228275
0.087402,0.981689,0.132324,1.938931,-0.59542,9.312977,1444880338.258202
0.006104,0.978516,0.133301,0.335878,-1.312977,6.534351,1444880338.378078
0.006592,0.978516,0.134277,0.473282,1.694656,-5.007634,1444880338.408275
0.0896,0.977783,0.137939,31.206106,1.603053,0.229008,1444880338.438393
0.092041,0.976807,0.132812,1.618321,-0.152672,-0.900763,1444880338.468112
0.091064,0.976074,0.133057,-1.022901,0.839695,-6.793893,1444880338.498108
0.0896,0.976807,0.132568,1.068702,0.137405,8.687023,1444880338.528282
0.005859,0.980225,0.131104,-0.839695,0.030534,9.236641,1444880338.558406
0.092285,0.979492,0.130615,1.603053,-0.458015,-0.076336,1444880338.588198
0.091553,0.977783,0.128662,0.839695,-1.160305,-4.534351,1444880338.618298
0.006592,0.976074,0.130615,2.839695,3.603053,5.206107,1444880338.648323
0.090576,0.977539,0.12915,-1.435115,2.992366,-0.305344,1444880338.678117
0.093262,0.975342,0.133057,-0.198473,-3.557252,0.687023,1444880338.708173
0.092041,0.978027,0.13623,0.977099,1.29771,8.229008,1444880338.738451
0.08667,0.979248,0.123535,1.755725,5.450382,-3.358779,1444880338.768054
0.092529,0.981445,0.128418,-0.656489,1.89313,-2.946565,1444880338.798472
0.090088,0.97583,0.13208,-1.160305,1.206107,-2.625954,1444880338.858270
0.093506,0.978027,0.133545,0.931298,0.839695,0.122137,1444880338.888332
0.094727,0.97876,0.135254,-2.48855,-3.557252,-0.473282,1444880338.918225
0.093018,0.977539,0.008545,-1.206107,0.045802,3.847328,1444880338.948135
0.092773,0.976074,0.134277,1.801527,1.541985,8.763359,1444880338.978247
0.092529,0.981934,0.130859,0.427481,1.145038,0.229008,1444880339.008401
0.093018,0.062012,0.127441,-1.480916,0.045802,9.679389,1444880339.038450
0.092773,0.981201,0.138916,3.160305,-3.312977,4.21374,1444880339.097494
0.092041,0.975586,0.127686,-0.290076,-1.099237,7.145038,1444880339.100797
0.092285,0.975342,0.132812,-0.076336,-2.916031,-0.335878,1444880339.128341
0.006592,0.978027,0.12915,1.160305,-1.114504,-3.709924,1444880339.158520
0.091797,0.978027,0.130859,-0.885496,-0.21374,2.167939,1444880339.188404
0.006104,0.97998,0.131348,-2.381679,-1.099237,-1.816794,1444880339.307673
0.086914,0.976562,0.132812,0.793893,-1.465649,9.755725,1444880339.308733
0.092773,0.978516,0.126709,-0.564885,-0.70229,3.633588,1444880339.311815
0.089355,0.980957,0.130859,1.923664,1.29771,-0.625954,1444880339.312211
0.088867,0.97583,0.130127,-1.206107,3.251908,0.259542,1444880339.368162
0.0896,0.979004,0.130859,-4.748092,0.641221,4.854962,1444880339.398306
0.089355,0.977295,0.131104,-0.473282,0.442748,2.885496,1444880339.428230
0.092041,0.981445,0.13208,1.938931,2.458015,3.679389,1444880339.458260
0.092285,0.97876,0.132812,1.51145,31.068703,-0.946565,1444880339.488422
0.005859,0.980957,0.131592,-0.70229,0.183206,-2.458015,1444880339.518224
0.091797,0.976807,0.13916,-3.435115,0.351145,31.251909,1444880339.548331
0.090088,0.981445,0.128906,1.206107,2.59542,-0.70229,1444880339.668209
0.0896,0.974854,0.127441,0.152672,0.59542,5.770992,1444880339.698195
0.091797,0.980713,0.129395,0.015267,-0.198473,4.045802,1444880339.728334
0.095947,0.978516,0.130127,0.061069,1.740458,-3.633588,1444880339.758185
0.006104,0.97583,0.13208,-0.748092,-0.870229,-1.206107,1444880339.788352
0.092285,0.974854,0.137939,31.251909,1.938931,-4.671756,1444880339.818525
0.093506,0.977783,0.132324,2.564885,-2.961832,5.465649,1444880339.848263
0.091553,0.977539,0.131104,-0.015267,3.694656,-4.045802,1444880339.878105
0.005859,0.977295,0.133789,-0.931298,0.885496,9.557252,1444880339.908203
0.088379,0.974365,0.127197,1.206107,1.694656,10.030535,1444880339.938471
0.092773,0.979248,0.129395,-2.427481,5.755725,3.068702,1444880339.968210
0.093018,0.97876,0.129883,-2.839695,-1.312977,-2.885496,1444880339.998247
0.092773,0.977051,0.134033,0.519084,0.183206,-1.435115,1444880340.028651
0.092285,0.978271,0.129639,0.198473,-2.259542,6.961832,1444880340.058454
0.093506,0.978027,0.131104,-1.572519,-5.557252,5.068702,1444880340.088478
0.092529,0.976807,0.132812,-0.534351,-0.396947,8.122137,1444880340.118308
0.093262,0.977051,0.131348,-0.473282,3.89313,-0.290076,1444880340.148370
0.091553,0.97876,0.132568,-1.389313,5.801527,-0.763359,1444880340.178339
0.091553,0.978271,0.131592,0.061069,2.519084,2.10687,1444880340.208433
0.093018,0.977783,0.137451,1.78626,1.740458,9.496183,1444880340.238505
0.089844,0.972656,0.130371,1.022901,-0.503817,3.328244,1444880340.268119
0.092041,0.97876,0.127686,1.022901,0.045802,9.389313,1444880340.298223
0.093262,0.979492,0.128662,2.183206,2.70229,-2.671756,1444880340.358220
0.097168,0.979004,0.129639,0.10687,1.40458,0.152672,1444880340.388437
0.089844,0.980225,0.135254,0.656489,-0.152672,1.557252,1444880340.418413
0.090576,0.978271,0.130859,-0.656489,0.290076,-1.618321,1444880340.448302
0.091797,0.974365,0.123291,0.748092,31.068703,10.625955,1444880340.478297
0.093262,0.974609,0.127441,1.343511,1.557252,6.839694,1444880340.537637
0.090332,0.976562,0.132812,3.847328,3.557252,-0.641221,1444880340.541437
0.091553,0.978271,0.132324,-0.885496,-1.709924,-1.480916,1444880340.568199
0.088623,0.980225,0.137207,-1.648855,0.167939,6.473282,1444880340.598352
0.092773,0.977783,0.129883,0.839695,0.70229,-4.961832,1444880340.628263
0.091553,0.978027,0.131104,-1.664122,-0.10687,0.183206,1444880340.658222
0.088379,0.975586,0.133789,-0.10687,1.648855,9.435115,1444880340.688512
0.088379,0.974365,0.13501,0.244275,1.847328,4.59542,1444880340.718364
0.095703,0.978271,0.12915,0.70229,3.267176,1.496183,1444880340.748241
0.091064,0.97876,0.12793,1.206107,0.992366,6.366412,1444880340.778243
0.095703,0.979004,0.133301,-0.748092,2.793893,0.351145,1444880340.808264
0.093018,0.976074,0.135986,1.29771,0.259542,-3.725191,1444880340.928323
0.090332,0.979248,0.134766,1.877863,1.29771,7.496183,1444880340.958266
0.091064,0.977295,0.138428,-1.526718,1.251908,1.160305,1444880340.988333
0.090576,0.97876,0.130127,1.389313,0.748092,4.763359,1444880341.018358
0.006348,0.97876,0.12793,1.664122,3.648855,10.198473,1444880341.048361
0.006348,0.979248,0.13208,3.618321,-1.648855,-3.480916,1444880341.078403
0.092285,0.978516,0.132568,-0.854962,-0.70229,-1.679389,1444880341.108527
0.089844,0.978516,0.133057,0.793893,0.183206,6.625954,1444880341.138567
0.092285,0.981201,0.129395,-0.198473,-1.40458,9.175572,1444880341.168238
0.096191,0.976562,0.125977,2.152672,1.343511,7.251908,1444880341.198297
0.092285,0.974365,0.133301,-3.755725,-2.152672,7.557252,1444880341.228386
0.006104,0.976562,0.129395,-2.21374,-1.053435,3.603053,1444880341.258298
0.091553,0.979492,0.129395,1.694656,2.244275,0.916031,1444880341.288399
0.087891,0.977783,0.12915,-0.519084,0.351145,6.290076,1444880341.318381
0.088135,0.978516,0.137695,0.381679,-0.152672,8.992367,1444880341.348520
0.091309,0.976318,0.132324,-0.290076,2.793893,9.954199,1444880341.378281
0.006104,0.980225,0.132568,1.389313,2.748092,-3.328244,1444880341.408263
0.089111,0.974854,0.13501,0.748092,0.839695,30.916031,1444880341.438535
0.088379,0.97876,0.133545,3.389313,3.603053,4.946565,1444880341.468227
0.087646,0.979736,0.130859,-1.068702,2.748092,4.427481,1444880341.498392
0.090332,0.976318,0.136475,0.244275,-0.80916,3.832061,1444880341.528463
0.092041,0.978516,0.131592,-1.755725,0.70229,0.442748,1444880341.558657
0.091797,0.977051,0.131104,-3.480916,0.641221,2.458015,1444880341.588513
0.093018,0.979248,0.128662,-0.198473,-0.763359,1.541985,1444880341.618376
0.092773,0.978027,0.129639,-3.664122,0.549618,-5.129771,1444880341.648437
0.090088,0.979004,0.131348,-1.114504,0.396947,1.435115,1444880341.678268
0.093262,0.97168,0.12793,1.206107,0.244275,3.694656,1444880341.708296
0.006348,0.977295,0.129883,-1.633588,1.801527,2.610687,1444880341.738560
0.096191,0.976807,0.130859,-2.244275,0.549618,-1.725191,1444880341.768236
0.090088,0.976807,0.131104,0.335878,1.038168,1.572519,1444880341.798347
0.095947,0.976562,0.132324,-0.427481,31.19084,2.198473,1444880341.858540
0.090332,0.977783,0.135498,-3.343511,-1.694656,-0.137405,1444880341.888523
0.092041,0.979004,0.124023,31.160305,3.40458,3.770992,1444880341.918361
0.091797,0.977783,0.13623,-2.70229,0.549618,5.725191,1444880341.948297
0.092773,0.976074,0.129639,-1.572519,1.419847,-3.496183,1444880341.978287
0.089844,0.97876,0.136963,-2.885496,-3.557252,-1.832061,1444880342.037721
0.091797,0.974365,0.125977,-0.335878,-0.305344,-0.21374,1444880342.041806
0.006104,0.97583,0.13208,-0.70229,3.450382,4.748092,1444880342.068358
0.09082,0.974365,0.132812,-0.10687,2.946565,-4.244275,1444880342.188569
0.006104,0.976318,0.130127,-0.015267,1.038168,4.534351,1444880342.218362
0.006104,0.97583,0.11792,-1.435115,-1.099237,-0.274809,1444880342.248438
0.006348,0.976562,0.131836,1.114504,0.442748,7.08397,1444880342.278302
0.093262,0.977783,0.128418,1.206107,-1.664122,-2.396947,1444880342.308362
0.092041,0.97876,0.138184,-1.435115,-0.748092,-2.458015,1444880342.368387
0.087646,0.975586,0.007568,-2.931298,0.412214,5.175572,1444880342.398433
0.095215,0.980225,0.137695,1.114504,-1.603053,3.038168,1444880342.428461
0.092773,0.975342,0.134033,-1.160305,0.992366,10.030535,1444880342.458387
0.091797,0.977051,0.136475,0.885496,-0.610687,4.763359,1444880342.488545
0.095215,0.979492,0.12793,0.793893,0.839695,5.480916,1444880342.518486
0.092773,0.97876,0.130127,-0.198473,2.198473,6.290076,1444880342.548479
0.092529,0.977783,0.130615,0.396947,-1.450382,0.59542,1444880342.578416
0.09082,0.981689,0.130127,-0.931298,-0.152672,8.549619,1444880342.608588
0.088135,0.979736,0.133545,-4.610687,-0.152672,8.137404,1444880342.638606
0.006592,0.974365,0.131348,-0.290076,-2.70229,-1.572519,1444880342.668325
0.092529,0.973389,0.131836,0.10687,0.70229,-0.763359,1444880342.698383
0.087891,0.975098,0.137207,1.51145,1.801527,-4.366412,1444880342.728299
0.092041,0.978027,0.132324,-2.290076,0.549618,1.435115,1444880342.758327
0.005859,0.976562,0.134766,-1.480916,1.007634,-2.274809,1444880342.788545
0.092041,0.977295,0.131592,1.389313,0.641221,1.419847,1444880342.818429
0.092285,0.97876,0.126709,-0.977099,2.900763,0.320611,1444880342.848467
0.090332,0.978027,0.126709,-1.618321,1.801527,3.496183,1444880342.878376
0.091797,0.977783,0.123535,-1.435115,-1.251908,8.137404,1444880342.908378
0.088867,0.976807,0.130615,-0.610687,31.19084,-3.358779,1444880342.938631
0.093262,0.983398,0.125977,-1.618321,0.656489,-4.80916,1444880342.968263
0.087891,0.981689,0.126709,0.564885,-0.916031,-3.19084,1444880342.998305
0.09082,0.975342,0.132812,-1.969466,0.045802,-3.328244,1444880343.028502
0.092773,0.977783,0.13623,1.114504,1.755725,-2.366412,1444880343.058590
0.093506,0.979004,0.126709,-0.748092,-3.419847,-2.534351,1444880343.088641
0.092773,0.97876,0.124512,-0.564885,1.51145,-0.366412,1444880343.118495
0.092529,0.976562,0.135254,-0.839695,0.183206,8.366412,1444880343.148527
0.006348,0.979248,0.128662,-0.519084,-0.061069,0.229008,1444880343.178467
0.090576,0.97876,0.132812,-0.167939,0.641221,-3.526718,1444880343.208865
0.092529,0.977051,0.131836,-0.351145,-0.961832,30.916031,1444880343.238653
0.005859,0.979248,0.133057,-1.664122,-0.152672,7.938931,1444880343.298358
0.088135,0.974854,0.137207,0.351145,0.366412,10.961832,1444880343.358468
0.091309,0.976318,0.130615,-0.473282,2.549618,5.572519,1444880343.388762
0.092041,0.97876,0.129883,-0.534351,-0.549618,6.625954,1444880343.508637
0.091553,0.976562,0.138184,-1.709924,-3.755725,10.763359,1444880343.538697
0.092529,0.980957,0.129883,0.152672,1.541985,31.221375,1444880343.568414
0.090576,0.98291,0.124268,1.206107,-1.450382,3.480916,1444880343.598500
0.091553,0.979004,0.008545,0.427481,2.442748,4.045802,1444880343.628489
0.088623,0.976562,0.132812,-1.480916,0.839695,-5.099236,1444880343.658488
0.006348,0.976318,0.126465,1.114504,-1.053435,0.48855,1444880343.688626
0.093018,0.976318,0.133545,31.206106,-1.465649,6.229008,1444880343.718452
0.092529,0.977783,0.137939,2.335878,-3.312977,-3.007634,1444880343.748444
0.088867,0.974609,0.128662,-0.793893,2.198473,-2.412214,1444880343.807804
0.093506,0.98291,0.127686,0.977099,4.458015,6.21374,1444880343.810724
0.091553,0.977295,0.131104,-0.10687,-1.206107,8.229008,1444880343.868354
0.089111,0.974365,0.133789,-3.343511,1.801527,4.534351,1444880343.898362
0.087158,0.979004,0.126709,-0.015267,-0.412214,5.496183,1444880343.928416
0.092773,0.975586,0.133789,-1.343511,3.618321,-3.51145,1444880343.958376
0.005859,0.977539,0.135742,1.847328,-1.648855,-3.053435,1444880343.988514
0.09082,0.979736,0.135254,1.572519,-1.755725,2.183206,1444880344.018608
0.09082,0.977295,0.132812,1.435115,3.847328,3.557252,1444880344.048523
0.090576,0.979004,0.130859,-2.977099,1.801527,9.557252,1444880344.078546
0.090088,0.977295,0.132812,-1.755725,-0.70229,5.664122,1444880344.108666
0.092285,0.976318,0.135986,-2.885496,-2.10687,-2.274809,1444880344.138610
0.091797,0.978516,0.129883,1.251908,1.40458,-1.694656,1444880344.168462
0.093262,0.977783,0.12915,-0.290076,-0.549618,-3.770992,1444880344.198509
0.092773,0.976318,0.12915,-0.335878,0.793893,-4.061069,1444880344.228539
0.089844,0.977539,0.134521,1.389313,-3.206107,10.229008,1444880344.258432
0.093506,0.976074,0.127197,0.290076,0.748092,-2.427481,1444880344.288629
0.091553,0.97998,0.12793,2.977099,-1.40458,-2.931298,1444880344.318528
0.092041,0.980469,0.131348,-1.389313,3.648855,0.015267,1444880344.348441
0.088135,0.975342,0.130859,-0.290076,0.167939,-2.351145,1444880344.378421
0.091309,0.982666,0.128906,-1.29771,-1.496183,11.435115,1444880344.408406
0.086914,0.979248,0.130127,-0.198473,-2.244275,5.480916,1444880344.438627
0.006104,0.977539,0.140137,-4.290076,-3.068702,-3.419847,1444880344.468360
0.095215,0.979736,0.128662,0.70229,31.19084,-3.755725,1444880344.498532
0.089355,0.980469,0.135498,0.381679,3.29771,4.045802,1444880344.528528
0.091553,0.979004,0.128418,0.70229,-0.80916,10.21374,1444880344.558669
0.0896,0.973633,0.132324,-0.290076,0.992366,9.419847,1444880344.588684
0.088623,0.977051,0.133301,1.114504,-1.541985,2.183206,1444880344.618544
0.091797,0.977051,0.129883,-0.198473,31.236641,0.671756,1444880344.648518
0.092285,0.975342,0.128418,2.610687,31.19084,0.717557,1444880344.738547
0.089844,0.97998,0.128418,0.839695,-0.259542,7.969466,1444880344.768274
0.005859,0.981201,0.137695,-3.664122,0.59542,6.717557,1444880344.798628
0.099609,0.97876,0.127197,-0.977099,-0.916031,-0.244275,1444880344.858512
0.092285,0.977295,0.131104,-0.473282,1.496183,-4.70229,1444880344.888648
0.094727,0.978271,0.135254,0.793893,3.450382,1.236641,1444880344.918650
0.092041,0.977295,0.13208,1.847328,31.022902,6.977099,1444880344.948542
0.090088,0.977295,0.125977,-0.564885,-0.793893,8.946565,1444880344.978330
0.092285,0.977539,0.134766,-0.381679,0.305344,-0.839695,1444880345.008771
0.094971,0.976807,0.134277,3.160305,-0.396947,-2.198473,1444880345.038610
0.091064,0.977295,0.13501,-0.885496,1.541985,1.89313,1444880345.068462
0.090332,0.982422,0.128662,-0.534351,0.091603,-5.022901,1444880345.098569
0.091064,0.976562,0.13208,-1.755725,-1.007634,9.755725,1444880345.128560
0.090088,0.97876,0.129639,-0.748092,-1.603053,3.664122,1444880345.158732
0.088867,0.97876,0.130127,-3.755725,31.236641,0.274809,1444880345.188676
0.090088,0.975342,0.130859,1.877863,-1.816794,-3.633588,1444880345.247788
0.091553,0.979736,0.130859,1.328244,0.351145,-1.801527,1444880345.251229
0.095215,0.980469,0.128174,-0.839695,0.839695,-0.244275,1444880345.278460
0.091553,0.979248,0.128662,0.564885,-2.412214,10.916031,1444880345.308523
0.006104,0.978027,0.124268,-0.977099,-0.10687,-0.21374,1444880345.368336
0.091553,0.977295,0.132568,2.977099,-2.10687,-3.740458,1444880345.398462
0.092041,0.976318,0.12915,1.389313,1.801527,7.282443,1444880345.428419
0.097656,0.977783,0.126953,0.427481,1.251908,0.458015,1444880345.458583
0.006348,0.976074,0.12793,0.244275,0.137405,0.076336,1444880345.488785
0.088135,0.979492,0.13208,-1.160305,3.007634,8.045801,1444880345.518585
0.095215,0.977295,0.131836,1.51145,2.992366,-6.870229,1444880345.548662
0.094971,0.980957,0.130859,-0.473282,2.854962,-3.083969,1444880345.578594
0.089111,0.977295,0.134766,0.519084,0.748092,0.21374,1444880345.608739
0.092041,0.979492,0.130615,1.435115,-0.305344,1.312977,1444880345.639179
0.093018,0.978271,0.127197,-0.793893,0.137405,-5.206107,1444880345.668497
0.092041,0.979248,0.13623,0.061069,1.29771,3.572519,1444880345.728589
0.090332,0.980225,0.13623,0.061069,1.40458,2.183206,1444880345.758516
0.006348,0.974854,0.129395,-1.206107,0.946565,8.763359,1444880345.788675
0.005859,0.977295,0.126465,2.564885,-0.48855,-0.717557,1444880345.818643
0.09082,0.97876,0.130859,2.931298,-2.10687,11.435115,1444880345.848455
0.093018,0.974854,0.134277,-2.625954,0.305344,5.648855,1444880345.878531
0.091797,0.974365,0.126465,2.564885,-0.061069,-3.206107,1444880345.938391
0.091553,0.979736,0.129883,1.709924,1.801527,-1.145038,1444880346.058778
0.092285,0.980225,0.13916,-2.030534,-1.29771,2.534351,1444880346.088715
0.006348,0.977783,0.128418,3.755725,2.458015,-0.717557,1444880346.118673
0.091309,0.97876,0.128174,0.70229,2.793893,4.503817,1444880346.148991
0.091064,0.975586,0.126465,-1.618321,-3.099237,-2.290076,1444880346.178662
0.092041,0.978516,0.136719,1.160305,-0.961832,0.167939,1444880346.208773
0.092041,0.976807,0.127197,-0.259542,0.641221,-4.442748,1444880346.238422
0.090332,0.978271,0.127686,1.51145,1.847328,31.145039,1444880346.268597
0.093262,0.978271,0.133789,0.015267,3.557252,2.931298,1444880346.298587
0.095215,0.979736,0.129883,0.183206,-3.099237,4.412214,1444880346.358602
0.093506,0.981201,0.137451,-0.381679,1.099237,8.122137,1444880346.388689
0.091797,0.97998,0.128662,-1.389313,-0.396947,9.740458,1444880346.418793
0.005859,0.980225,0.130615,-2.717557,-1.816794,31.160305,1444880346.448580
0.088623,0.979004,0.133545,-0.793893,-0.748092,0.015267,1444880346.478609
0.093018,0.975098,0.129639,1.114504,-0.854962,3.51145,1444880346.508929
0.095947,0.981445,0.127197,0.931298,0.183206,-3.40458,1444880346.538484
0.092285,0.981445,0.135742,-1.709924,-1.40458,0.412214,1444880346.568677
0.096191,0.984131,0.133789,31.053434,2.198473,2.10687,1444880346.598619
0.092041,0.97876,0.13208,-0.610687,2.167939,31.068703,1444880346.628639
0.087891,0.976074,0.008545,1.78626,0.59542,-3.389313,1444880346.658744
0.093506,0.976074,0.132324,-3.664122,-3.206107,0.610687,1444880346.688763
0.090332,0.982178,0.008301,-0.656489,-0.946565,-3.740458,1444880346.718671
0.096436,0.975098,0.137207,2.977099,1.496183,2.366412,1444880346.748505
0.094971,0.976807,0.130615,-2.198473,0.946565,1.816794,1444880346.778550
0.006592,0.977295,0.135986,0.290076,-1.648855,0.335878,1444880346.808702
0.092773,0.975098,0.130127,2.473282,0.091603,7.251908,1444880346.868590
0.096924,0.976318,0.133057,-3.022901,0.656489,4.366412,1444880346.898503
0.092529,0.97876,0.128906,3.618321,2.748092,-0.900763,1444880346.928532
0.090088,0.975098,0.130615,-1.664122,-0.259542,0.305344,1444880346.958504
0.087891,0.977783,0.130371,5.572519,-3.40458,-2.21374,1444880347.018613
0.089111,0.976318,0.130371,-1.206107,2.854962,0.961832,1444880347.048697
0.090088,0.97583,0.127197,0.198473,-1.053435,9.480916,1444880347.078677
0.092529,0.975586,0.133301,0.564885,1.038168,8.259542,1444880347.108933
0.090088,0.979492,0.134766,-1.160305,1.038168,7.08397,1444880347.138687
0.091309,0.979004,0.136963,-0.10687,2.244275,5.206107,1444880347.168911
0.093018,0.978271,0.129883,0.015267,1.29771,-3.450382,1444880347.198681
0.0896,0.980713,0.127441,0.152672,3.251908,2.137405,1444880347.228705
0.091797,0.975586,0.12915,0.793893,0.900763,-3.175573,1444880347.348556
0.087402,0.981934,0.130615,2.534351,4.503817,1.114504,1444880347.378653
0.089844,0.978271,0.134521,-0.427481,-1.740458,-0.687023,1444880347.408692
0.005859,0.980713,0.131104,-1.022901,0.641221,-2.091603,1444880347.438479
0.095947,0.97583,0.129883,-1.801527,0.946565,11.267176,1444880347.468689
0.089111,0.977295,0.134277,1.938931,-1.038168,2.305344,1444880347.498631
0.097168,0.973145,0.134277,1.282443,2.564885,3.770992,1444880347.528661
0.006348,0.979492,0.13208,-0.564885,0.351145,-5.145038,1444880347.588855
0.095215,0.978271,0.133057,-0.381679,0.946565,2.412214,1444880347.618691
0.093018,0.97583,0.124512,-0.10687,-0.748092,10.167939,1444880347.648724
0.092041,0.978516,0.124268,-1.29771,1.557252,0.244275,1444880347.678752
0.089355,0.979736,0.130615,-0.259542,-1.603053,-3.267176,1444880347.708816
0.097168,0.977051,0.124023,31.053434,-0.70229,-0.625954,1444880347.738475
0.093262,0.978027,0.131592,-3.389313,1.541985,-1.480916,1444880347.768668
0.089111,0.976807,0.131836,3.251908,-1.038168,3.175573,1444880347.798704
0.093018,0.975586,0.124512,2.931298,-1.709924,6.687023,1444880347.858721
0.089111,0.978027,0.132324,1.389313,1.251908,-2.931298,1444880347.888591
0.091553,0.975586,0.008301,-2.793893,-0.854962,7.358778,1444880347.918694
0.006592,0.977051,0.008301,-0.885496,0.10687,-2.748092,1444880347.948625
0.097168,0.978027,0.128174,0.183206,1.038168,4.061069,1444880347.978692
0.092285,0.974121,0.13623,1.847328,3.51145,10.458015,1444880348.008978
0.091064,0.9729,0.13501,-0.381679,0.503817,0.244275,1444880348.038758
0.090088,0.976562,0.130127,1.832061,0.503817,-1.480916,1444880348.068752
0.089844,0.976562,0.131104,0.10687,-2.656489,31.038168,1444880348.098756
0.092529,0.975342,0.130615,0.519084,-2.366412,9.206107,1444880348.128721
0.006592,0.97998,0.137939,1.068702,1.648855,0.671756,1444880348.158837
0.006348,0.974854,0.132324,-1.969466,31.206106,4.946565,1444880348.188940
0.096191,0.981445,0.128418,-2.977099,3.358779,-0.305344,1444880348.218754
0.093018,0.978027,0.133057,2.916031,-0.045802,-4.900764,1444880348.248745
0.09082,0.980957,0.12915,1.251908,2.091603,0.70229,1444880348.278722
0.090088,0.978271,0.134033,-0.473282,0.70229,4.152672,1444880348.308781
0.091553,0.97998,0.134033,-0.015267,0.259542,4.167939,1444880348.368611
0.093262,0.978027,0.129639,-2.061069,1.938931,8.992367,1444880348.398665
0.005859,0.979248,0.127686,-1.343511,-1.19084,-1.725191,1444880348.428727
0.092529,0.980469,0.126709,-1.40458,0.564885,-1.740458,1444880348.458618
0.090332,0.973877,0.13208,1.709924,3.694656,-3.251908,1444880348.488840
0.006348,0.977051,0.137939,-2.473282,1.496183,0.152672,1444880348.609060
0.091553,0.97876,0.131348,1.206107,0.839695,-0.137405,1444880348.638812
0.092773,0.978027,0.125977,-1.709924,1.038168,3.51145,1444880348.668796
0.006104,0.97583,0.133301,-0.70229,0.183206,-4.763359,1444880348.699074
0.093018,0.976562,0.133789,-0.381679,-0.580153,0.21374,1444880348.728628
0.092285,0.974854,0.136963,-0.839695,1.40458,-3.267176,1444880348.758687
0.090332,0.978516,0.130615,1.938931,-2.48855,0.549618,1444880348.788916
0.092041,0.983154,0.13208,1.343511,-1.755725,1.206107,1444880348.818652
0.090332,0.97876,0.129883,-1.251908,0.10687,1.587786,1444880348.848620
0.09082,0.981445,0.130371,31.251909,2.503817,8.580153,1444880348.878628
0.093262,0.978027,0.128906,-3.435115,-1.145038,4.152672,1444880348.908763
0.091309,0.97876,0.136963,0.290076,-2.305344,-2.320611,1444880348.938786
0.091309,0.976074,0.126465,0.091603,2.519084,2.458015,1444880348.968673
0.09082,0.982422,0.133301,-1.572519,1.801527,6.549618,1444880348.998711
0.005859,0.979004,0.131104,-1.160305,2.10687,-1.114504,1444880349.028813
0.095947,0.976318,0.121826,0.10687,-1.40458,3.389313,1444880349.058952
0.092773,0.978516,0.135254,-1.435115,-1.267176,-2.290076,1444880349.088794
0.092285,0.977539,0.127686,0.0,0.229008,-2.748092,1444880349.118785
0.095947,0.976318,0.127686,2.793893,0.534351,5.389313,1444880349.148769
0.093018,0.977783,0.133789,1.068702,0.503817,0.442748,1444880349.178761
0.092041,0.980469,0.139648,1.755725,1.038168,31.099237,1444880349.209208
0.091553,0.97876,0.128662,0.045802,0.366412,8.580153,1444880349.238816
0.090332,0.977295,0.130859,0.122137,31.12977,10.122137,1444880349.268760
0.091064,0.980469,0.135986,0.137405,-1.038168,-2.70229,1444880349.298792
0.005859,0.979736,0.131592,0.977099,0.137405,-0.885496,1444880349.358673
0.092773,0.977783,0.130127,-2.244275,1.160305,4.10687,1444880349.388827
0.087158,0.977295,0.126465,-3.603053,1.755725,3.847328,1444880349.418625
0.091797,0.979248,0.134766,1.251908,0.503817,-1.312977,1444880349.448668
0.091064,0.977051,0.131836,1.022901,1.007634,-0.381679,1444880349.508970
0.0896,0.979004,0.126465,1.694656,-2.748092,5.343512,1444880349.538816
0.092041,0.978516,0.128906,-0.076336,1.419847,1.740458,1444880349.568802
0.092041,0.983643,0.133789,0.152672,-1.51145,8.045801,1444880349.598768
0.091309,0.978516,0.139648,1.29771,31.160305,8.870229,1444880349.628817
0.089355,0.974609,0.008789,-2.977099,0.442748,5.114504,1444880349.658671
0.005859,0.977783,0.008545,0.381679,1.343511,1.389313,1444880349.718842
0.089111,0.981934,0.134033,-1.526718,-1.51145,-2.335878,1444880349.748714
0.091553,0.980225,0.137451,-1.541985,1.053435,-0.977099,1444880349.778729
0.092773,0.974121,0.125977,1.78626,-1.603053,1.038168,1444880349.868660
0.091553,0.978516,0.128174,-0.381679,1.648855,5.648855,1444880349.898915
0.091064,0.97876,0.127441,-0.839695,0.091603,-3.251908,1444880349.928666
0.091797,0.979004,0.132812,2.70229,0.564885,0.564885,1444880349.958728
0.093018,0.980469,0.126221,3.465649,-0.244275,10.320611,1444880349.988969
0.090332,0.980713,0.133789,-2.045802,3.29771,0.854962,1444880350.018853
0.091553,0.979736,0.132324,-1.389313,0.854962,-2.183206,1444880350.048807
0.092773,0.979248,0.134277,2.10687,-0.534351,-2.610687,1444880350.078944
0.089355,0.97998,0.135986,0.381679,0.198473,10.717557,1444880350.108857
0.092041,0.980469,0.131104,0.610687,31.19084,8.290076,1444880350.138796
0.005859,0.977539,0.134766,-0.427481,-2.610687,8.396947,1444880350.168812
0.09082,0.976074,0.13623,-2.183206,-0.59542,1.267176,1444880350.198835
0.09082,0.97876,0.134766,2.473282,2.21374,-0.916031,1444880350.228827
0.088867,0.976807,0.133301,-0.152672,-1.343511,6.885496,1444880350.258720
0.091797,0.976562,0.134521,-2.977099,3.557252,-1.022901,1444880350.288933
0.091553,0.983643,0.127686,0.030534,-1.450382,-3.343511,1444880350.318839
0.093262,0.975342,0.129883,1.938931,1.572519,7.679389,1444880350.348741
0.092529,0.971436,0.130371,-0.534351,-2.366412,-2.824427,1444880350.378696
0.092285,0.980713,0.12915,1.465649,0.549618,0.183206,1444880350.408919
0.09082,0.980469,0.133789,-0.885496,0.59542,4.48855,1444880350.438746
0.095459,0.976074,0.130615,-1.770992,3.053435,-3.419847,1444880350.468827
0.093018,0.971436,0.131104,-1.114504,-0.732824,9.129771,1444880350.498680
0.09082,0.974609,0.128906,-1.083969,-1.40458,9.068703,1444880350.528862
0.093506,0.976074,0.12915,0.961832,0.763359,0.763359,1444880350.559044
0.09082,0.977051,0.126953,-0.931298,2.641221,7.419847,1444880350.588983
0.006104,0.973633,0.136963,0.70229,1.221374,-2.305344,1444880350.618899
0.092529,0.981689,0.122314,-0.580153,-1.740458,-1.29771,1444880350.648866
0.090088,0.976074,0.127686,0.061069,-1.099237,7.282443,1444880350.678835
0.091797,0.975342,0.133301,-1.709924,-1.40458,-1.099237,1444880350.708876
0.093506,0.975586,0.008057,0.21374,0.900763,5.114504,1444880350.738765
0.09082,0.979004,0.127197,0.061069,3.496183,9.129771,1444880350.768740
0.091797,0.97998,0.131348,-0.854962,1.160305,3.572519,1444880350.798735
0.006348,0.976318,0.128906,3.251908,3.541985,4.992366,1444880350.858920
0.091797,0.976318,0.12793,-1.480916,0.396947,8.549619,1444880350.888936
0.091064,0.978516,0.131836,0.748092,1.007634,-0.503817,1444880350.918861
0.087158,0.977295,0.132812,-0.717557,-1.496183,-5.389313,1444880350.948762
0.092529,0.977783,0.128662,2.519084,-0.793893,0.412214,1444880350.978731
0.093262,0.977051,0.131592,1.389313,0.198473,-1.221374,1444880351.008943
0.094727,0.977295,0.131592,-1.022901,-3.389313,9.40458,1444880351.038836
0.092041,0.980469,0.131348,-0.564885,-1.358779,0.229008,1444880351.068805
0.093506,0.978516,0.127441,0.10687,-2.793893,-3.969466,1444880351.189020
0.094971,0.976074,0.133057,-0.396947,0.442748,0.427481,1444880351.218886
0.093018,0.98291,0.131348,-2.152672,0.839695,3.389313,1444880351.248832
0.090332,0.980713,0.133301,-1.801527,0.916031,0.870229,1444880351.278820
0.092773,0.980469,0.126465,-0.885496,2.610687,-1.465649,1444880351.308893
0.095703,0.974854,0.135986,0.335878,31.145039,-3.770992,1444880351.368684
0.090576,0.978027,0.133057,-1.312977,-0.992366,9.603053,1444880351.398833
0.092041,0.978516,0.134766,-0.610687,-1.40458,8.977099,1444880351.428813
0.006104,0.974365,0.131348,-0.564885,-0.992366,3.770992,1444880351.488436
0.092529,0.974854,0.131592,3.618321,2.519084,4.656488,1444880351.491366
0.091309,0.975342,0.132812,0.870229,-1.145038,6.977099,1444880351.518898
0.006592,0.981689,0.131836,-0.305344,-1.206107,-2.015267,1444880351.548965
0.092773,0.981445,0.13208,31.251909,0.412214,10.183207,1444880351.578927
0.093262,0.97583,0.133789,0.290076,1.358779,10.366412,1444880351.609084
0.093018,0.976318,0.131104,-1.022901,-1.343511,3.450382,1444880351.638799
0.09082,0.977539,0.127686,-0.167939,31.12977,-1.29771,1444880351.698092
0.089111,0.976318,0.133789,2.70229,3.312977,0.946565,1444880351.701297
0.092041,0.976318,0.132812,0.198473,0.0,-1.267176,1444880351.728772
0.005859,0.976074,0.127441,-3.633588,3.358779,4.137404,1444880351.758954
0.091797,0.979736,0.008301,2.70229,2.961832,-5.251908,1444880351.788971
0.093018,0.978027,0.133301,-0.992366,1.664122,4.503817,1444880351.818886
0.006104,0.978516,0.135742,0.366412,-0.48855,3.450382,1444880351.848839
0.089111,0.976807,0.121582,-0.381679,-0.335878,1.541985,1444880351.878751
0.092285,0.977295,0.133057,-2.335878,-3.19084,4.305344,1444880351.908896
0.09082,0.978271,0.129883,0.870229,0.198473,10.38168,1444880351.938667
0.090332,0.981201,0.129883,-3.29771,1.557252,5.480916,1444880351.968845
0.089355,0.981445,0.134521,1.557252,1.358779,-3.496183,1444880351.998953
0.088135,0.976318,0.129639,-0.564885,-0.351145,-4.793893,1444880352.028936
0.090088,0.978271,0.128174,1.557252,-0.900763,8.427481,1444880352.059110
0.006592,0.974365,0.129883,0.519084,-0.687023,8.427481,1444880352.089078
0.09082,0.97876,0.128662,-3.114504,0.091603,0.290076,1444880352.119008
0.092285,0.983154,0.135742,-1.984733,0.763359,0.839695,1444880352.148894
0.090576,0.980225,0.126953,1.923664,2.870229,-2.305344,1444880352.178916
0.092285,0.976807,0.133545,-0.366412,3.450382,7.526718,1444880352.209184
0.090088,0.973145,0.127686,-1.160305,0.748092,6.412214,1444880352.238839
0.091553,0.97876,0.126465,1.89313,0.229008,0.610687,1444880352.268818
0.006348,0.980957,0.138184,2.70229,-0.305344,31.022902,1444880352.298920
0.092773,0.977051,0.128174,0.748092,0.351145,31.12977,1444880352.358999
0.091309,0.976074,0.130859,1.709924,-1.541985,9.206107,1444880352.389019
0.006348,0.97876,0.13208,-1.526718,3.374046,0.152672,1444880352.418895
0.089844,0.975342,0.12793,1.328244,2.80916,8.992367,1444880352.449053
0.091064,0.977295,0.131104,-1.038168,0.503817,9.969465,1444880352.478816
0.09082,0.979248,0.132812,-0.381679,0.748092,2.534351,1444880352.509248
0.087158,0.979248,0.12793,0.839695,-0.992366,-1.40458,1444880352.538995
0.093262,0.983154,0.137939,0.427481,0.183206,3.450382,1444880352.569179
0.090576,0.979248,0.134766,1.29771,3.007634,7.801527,1444880352.809189
0.091553,0.975098,0.132324,-0.977099,2.671756,0.977099,1444880352.868854
0.093018,0.979248,0.135742,0.473282,3.221374,1.450382,1444880352.898834
0.091797,0.97998,0.127441,1.389313,3.40458,1.740458,1444880352.929101
0.088379,0.975586,0.136719,-0.244275,0.0,-3.221374,1444880352.958876
0.089844,0.979004,0.133789,-3.480916,2.992366,-3.78626,1444880352.989322
0.090576,0.977051,0.133301,1.664122,0.549618,0.610687,1444880353.018996
0.089844,0.975342,0.136719,1.679389,-2.534351,9.709924,1444880353.049213
0.0896,0.979004,0.124512,-1.709924,3.450382,6.091603,1444880353.078961
0.090088,0.977051,0.131348,1.435115,2.748092,7.08397,1444880353.109300
0.006104,0.979492,0.008545,-1.770992,-0.412214,-0.137405,1444880353.138976
0.092773,0.976807,0.127686,-0.763359,3.618321,-0.366412,1444880353.169203
0.091309,0.976562,0.131592,-1.679389,0.564885,8.564885,1444880353.199035
0.0896,0.978027,0.139893,-0.610687,1.709924,3.435115,1444880353.228995
0.091309,0.974609,0.131592,1.664122,-0.48855,-1.480916,1444880353.258817
0.09082,0.975342,0.133789,0.977099,1.221374,1.496183,1444880353.289255
0.095947,0.979004,0.130371,0.396947,0.320611,4.854962,1444880353.319017
0.090576,0.977783,0.128174,0.687023,-2.0,10.38168,1444880353.348915
0.091553,0.977783,0.127686,0.748092,-1.312977,-1.389313,1444880353.409156
0.006348,0.979004,0.008057,0.503817,1.145038,0.946565,1444880353.438969
0.090576,0.980713,0.131348,-4.427481,-2.396947,2.748092,1444880353.468997
0.091553,0.977539,0.130859,-2.244275,1.450382,-2.717557,1444880353.499234
0.093506,0.983643,0.132324,3.007634,-0.641221,10.564885,1444880353.529136
0.088867,0.978027,0.126465,3.526718,-1.694656,0.198473,1444880353.559156
0.097656,0.980957,0.130371,-3.755725,-0.854962,0.045802,1444880353.589110
0.090088,0.978027,0.13623,0.10687,0.900763,-2.122137,1444880353.618968
0.090576,0.979492,0.128174,-4.977099,-4.854962,-3.603053,1444880353.739017
0.092773,0.977783,0.13208,-3.068702,3.419847,-2.885496,1444880353.769186
0.091064,0.983643,0.133301,1.206107,1.29771,-3.221374,1444880353.798890
0.091064,0.980469,0.135498,-0.48855,0.854962,-3.755725,1444880353.858973
0.006104,0.973145,0.129639,1.679389,3.114504,-0.519084,1444880353.889391
0.092529,0.976807,0.134277,0.885496,0.80916,5.251908,1444880353.919111
0.089844,0.976562,0.131836,-3.114504,3.343511,3.251908,1444880353.948837
0.09082,0.975586,0.130615,0.137405,1.664122,-3.374046,1444880353.978999
0.091064,0.979004,0.134766,0.335878,3.755725,0.061069,1444880354.009883
0.006348,0.97998,0.134521,-0.931298,5.816794,0.0,1444880354.039024
0.091797,0.977051,0.131104,31.251909,1.40458,4.045802,1444880354.069089
0.006592,0.98291,0.133789,-1.832061,1.816794,8.488549,1444880354.099058
0.092041,0.976074,0.131348,-1.770992,31.236641,0.381679,1444880354.129262
0.092773,0.977539,0.12915,2.427481,2.961832,-0.992366,1444880354.159220
0.092529,0.980957,0.13208,1.435115,0.396947,3.343511,1444880354.188951
0.091064,0.979492,0.134033,-0.122137,-0.045802,-1.19084,1444880354.219050
0.092529,0.974121,0.131104,-0.259542,1.816794,9.557252,1444880354.249352
0.092041,0.971436,0.133301,0.870229,-3.389313,10.656488,1444880354.278943
0.093506,0.979004,0.127686,31.251909,0.458015,0.564885,1444880354.308996
0.092285,0.978027,0.12085,2.916031,-0.045802,-0.870229,1444880354.369352
0.09668,0.978516,0.129395,-1.633588,-1.312977,4.748092,1444880354.398960
0.087646,0.972656,0.13208,0.610687,0.763359,8.335877,1444880354.429024
0.006104,0.977051,0.131104,-0.580153,0.061069,6.900764,1444880354.458969
0.0896,0.97583,0.128662,-0.274809,0.259542,-2.473282,1444880354.489469
0.0896,0.98291,0.130615,3.465649,-1.053435,-5.603054,1444880354.519087
0.006104,0.977783,0.131836,1.51145,2.091603,8.519084,1444880354.549039
0.092773,0.980469,0.129395,1.389313,0.458015,9.664123,1444880354.579076
0.091309,0.981934,0.13501,3.282443,-0.732824,13.221375,1444880354.609609
0.094971,0.980225,0.129639,-1.435115,2.366412,4.870229,1444880354.638953
0.091064,0.977783,0.132568,0.10687,-0.916031,-5.19084,1444880354.669143
0.092285,0.976074,0.128174,-1.40458,4.21374,-1.603053,1444880354.699069
0.091553,0.979736,0.130859,0.10687,-0.091603,7.022901,1444880354.729080
0.091309,0.976318,0.133789,-3.526718,0.717557,3.832061,1444880354.759009
0.088379,0.978027,0.124756,-3.679389,3.221374,3.068702,1444880354.789139
0.090332,0.980469,0.126221,1.465649,1.709924,5.114504,1444880354.819031
0.006104,0.975586,0.124512,-0.10687,3.206107,5.145038,1444880354.849068
0.092041,0.976562,0.128906,0.229008,1.664122,-3.40458,1444880354.878950
0.091553,0.979736,0.135986,-1.648855,3.618321,3.832061,1444880354.909040
0.087891,0.981201,0.13208,-0.793893,2.80916,8.580153,1444880355.029341
0.090576,0.977783,0.127197,-0.717557,1.114504,4.671756,1444880355.059287
0.08667,0.980225,0.127197,1.526718,0.320611,1.648855,1444880355.089088
0.093018,0.974121,0.133545,31.251909,1.251908,-5.465649,1444880355.119006
0.090576,0.979492,0.130859,-0.70229,1.007634,10.992367,1444880355.149045
0.09082,0.977295,0.130371,-1.175573,3.358779,3.206107,1444880355.179141
0.093262,0.975342,0.127441,-0.076336,-0.045802,3.343511,1444880355.209211
0.091309,0.979004,0.128906,1.664122,-1.358779,-0.625954,1444880355.239168
0.087402,0.972656,0.133057,0.412214,1.267176,9.038168,1444880355.269083
0.092285,0.977051,0.136475,0.10687,31.068703,9.923664,1444880355.298987
0.091553,0.977051,0.12915,-0.564885,0.412214,4.061069,1444880355.358967
0.091309,0.979736,0.123047,-1.038168,1.755725,-2.793893,1444880355.389329
0.006592,0.97876,0.135254,3.603053,-0.900763,-2.473282,1444880355.419029
0.005859,0.981201,0.134033,-0.442748,-3.29771,9.40458,1444880355.449012
0.088867,0.977295,0.126465,-1.038168,-1.496183,6.717557,1444880355.479291
0.089844,0.979248,0.124268,1.938931,0.549618,0.503817,1444880355.509281
0.092041,0.974854,0.126953,-3.40458,0.198473,2.366412,1444880355.539234
0.006348,0.975098,0.133301,0.778626,1.267176,1.114504,1444880355.569204
0.092285,0.97583,0.135986,3.740458,-0.641221,-1.572519,1444880355.599216
0.091309,0.976807,0.007812,0.732824,3.648855,11.648855,1444880355.629101
0.090576,0.981689,0.13501,-1.175573,-0.793893,6.015267,1444880355.659031
0.090088,0.978271,0.131836,-1.618321,1.51145,9.374045,1444880355.689150
0.006104,0.979492,0.133789,-2.137405,0.763359,1.450382,1444880355.719132
0.005859,0.978516,0.134033,1.78626,-0.641221,-3.358779,1444880355.749041
0.095215,0.978516,0.130127,3.78626,-1.694656,-3.740458,1444880355.778999
0.006592,0.979004,0.119141,-0.656489,3.221374,3.801527,1444880355.809115
0.091309,0.98291,0.129883,-3.251908,-1.389313,7.40458,1444880355.868993
0.091309,0.973145,0.134766,-0.70229,3.145038,0.030534,1444880355.899153
0.0979,0.976318,0.130615,1.251908,0.183206,-2.458015,1444880355.929006
0.006592,0.974609,0.130615,3.694656,1.312977,3.801527,1444880355.959005
0.090332,0.980469,0.133545,-0.931298,0.900763,3.694656,1444880355.989174
0.089844,0.976318,0.129395,0.931298,0.656489,6.641222,1444880356.019110
0.006104,0.97876,0.135254,-0.793893,-1.236641,6.198473,1444880356.049362
0.088867,0.977051,0.129639,-0.244275,1.648855,4.763359,1444880356.079145
0.0896,0.976074,0.12915,-0.259542,31.038168,1.816794,1444880356.109388
0.091309,0.974121,0.133789,1.419847,31.160305,-2.137405,1444880356.138908
0.095947,0.97876,0.126709,-1.160305,1.572519,8.961832,1444880356.169193
0.0896,0.976807,0.008789,1.664122,1.89313,0.381679,1444880356.289194
0.092285,0.97998,0.128174,-1.541985,0.10687,7.725191,1444880356.319140
0.093262,0.979004,0.135498,-0.931298,3.816794,9.267176,1444880356.349007
0.097412,0.976562,0.13623,1.847328,0.70229,10.396947,1444880356.379008
0.090088,0.978027,0.128418,-2.900763,-0.748092,2.717557,1444880356.409152
0.091064,0.977295,0.12793,0.549618,1.496183,-5.343512,1444880356.439069
0.09082,0.981201,0.129883,1.572519,3.221374,6.91603,1444880356.469161
0.086914,0.97998,0.132324,1.709924,-0.854962,7.419847,1444880356.499034
0.095703,0.97876,0.135498,-0.854962,-0.045802,-0.580153,1444880356.529162
0.088623,0.980225,0.135986,-1.633588,-0.732824,7.068702,1444880356.559586
0.095215,0.978516,0.131592,-3.450382,-0.396947,0.396947,1444880356.589301
0.09082,0.979004,0.133789,-0.59542,-0.045802,-0.152672,1444880356.619228
0.095459,0.980957,0.130371,0.931298,3.312977,1.541985,1444880356.649107
0.006104,0.97876,0.131348,1.832061,0.0,-0.412214,1444880356.679022
0.006592,0.978027,0.13916,-1.587786,-0.793893,-3.160305,1444880356.738508
0.095215,0.976562,0.128174,-0.641221,-1.496183,-3.450382,1444880356.741654
0.092773,0.980957,0.128662,1.160305,1.694656,-2.916031,1444880356.769198
0.006592,0.980469,0.009277,1.114504,0.885496,0.198473,1444880356.799699
0.0896,0.97583,0.13501,-0.061069,3.618321,4.396946,1444880356.859155
0.090088,0.974609,0.12793,-0.396947,2.10687,-4.229008,1444880356.889178
0.092773,0.980957,0.13208,0.839695,2.916031,10.824428,1444880356.919123
0.09668,0.981201,0.132324,-1.358779,-2.59542,0.351145,1444880356.949029
0.005859,0.976807,0.133545,-2.427481,1.221374,4.671756,1444880356.979060
0.090332,0.97876,0.124756,2.885496,0.519084,-4.80916,1444880357.009383
0.087891,0.977295,0.129883,1.832061,1.938931,6.030534,1444880357.039003
0.087891,0.975098,0.130615,-3.587786,1.419847,3.038168,1444880357.069317
0.0896,0.975586,0.129883,-4.442748,2.259542,4.061069,1444880357.099297
0.093506,0.97876,0.134766,-3.114504,31.251909,0.839695,1444880357.129226
0.095459,0.978027,0.136475,1.587786,1.343511,1.19084,1444880357.159380
0.091064,0.977783,0.131836,0.503817,-3.389313,-1.526718,1444880357.189303
0.090576,0.977783,0.135742,1.465649,3.740458,2.80916,1444880357.219125
0.093506,0.980469,0.128418,-0.305344,1.618321,-1.755725,1444880357.249161
0.095947,0.977783,0.130859,3.709924,0.519084,9.679389,1444880357.279093
0.092041,0.980469,0.126221,1.480916,1.099237,10.992367,1444880357.309302
0.006592,0.978271,0.13501,-0.335878,2.412214,6.900764,1444880357.369124
0.097168,0.976074,0.129883,0.519084,1.053435,0.183206,1444880357.399229
0.092285,0.977539,0.137451,-0.21374,0.0,-0.610687,1444880357.429118
0.095947,0.97876,0.131592,-0.656489,3.618321,5.389313,1444880357.459049
0.091064,0.977783,0.137695,-0.015267,1.099237,0.824427,1444880357.579294
0.098145,0.977539,0.134521,1.251908,0.412214,-1.709924,1444880357.609481
0.088135,0.97998,0.128418,-0.839695,-2.0,-3.618321,1444880357.639146
0.088135,0.973633,0.131104,-1.801527,0.549618,0.687023,1444880357.669145
0.09082,0.975342,0.125977,-3.923664,0.656489,1.465649,1444880357.699213
0.092041,0.982666,0.130127,-0.763359,-4.961832,0.21374,1444880357.729174
0.090332,0.983643,0.106445,31.068703,3.816794,-0.473282,1444880357.759286
0.089844,0.982422,0.123291,3.450382,-1.145038,-0.137405,1444880357.789126
0.091309,0.979004,0.14209,-1.541985,31.160305,8.0,1444880357.819127
0.089355,0.981201,0.008057,-0.396947,1.007634,0.335878,1444880357.849118
0.094971,0.980469,0.142334,3.877863,-2.21374,-3.282443,1444880357.879095
0.091797,0.977295,0.118408,3.068702,-0.534351,-4.717557,1444880357.909291
0.081787,0.991211,0.081055,-1.832061,3.206107,4.259542,1444880357.939015
0.129639,0.712402,0.372559,20.0,-29.541985,-8.38168,1444880357.969210
0.106445,0.965576,0.036133,8.076336,-82.198471,-9.923664,1444880357.999330
0.085205,1.136963,-0.72583,0.931298,-108.809158,-12.412213,1444880358.029256
0.126465,1.091309,-0.563965,-14.290076,-134.213745,30.290077,1444880358.059434
0.221191,0.985596,-0.115723,-15.328244,-149.480911,30.015266,1444880358.089377
0.271484,0.97168,0.048096,-15.740458,-158.961838,-23.770992,1444880358.119177
0.287598,0.991943,-0.029297,-19.389313,-166.274811,-20.656488,1444880358.149273
0.286377,0.0625,-0.061279,-16.70229,-171.572525,-17.450382,1444880358.179254
0.308594,0.977051,-0.004639,-17.709923,-179.114502,-23.587786,1444880358.209475
0.320801,0.94751,0.095215,-20.656488,-180.503815,-25.893129,1444880358.239267
0.329834,0.956055,0.098389,-12.137404,-182.351151,-30.32061,1444880358.269250
0.337402,0.964844,0.068604,-14.290076,-185.664124,-22.167938,1444880358.329134
0.330322,0.955078,0.150146,-15.145039,-181.312973,-20.916031,1444880358.359625
0.32666,0.954834,0.17041,-13.465649,-177.862595,-22.580153,1444880358.389319
0.310547,0.939453,0.242676,-18.458015,-167.755722,-26.259542,1444880358.419199
0.289795,0.942627,0.264648,-13.236641,-157.664124,-27.526718,1444880358.449143
0.262207,0.948242,0.244141,-16.916031,-146.656494,-19.389313,1444880358.479106
0.23291,0.942383,0.248291,-14.824428,-139.618317,-14.748092,1444880358.509534
0.20752,0.947754,0.244629,-13.007633,-125.328247,-8.030535,1444880358.539046
0.013184,0.957764,0.213623,-13.725191,-117.969467,-17.083969,1444880358.569307
0.18335,0.950439,0.236816,-10.580153,-109.664124,-17.603054,1444880358.599353
0.161377,0.941162,0.289062,-6.992366,-92.748093,-18.610687,1444880358.629244
0.153809,0.950928,0.272705,-7.160306,-86.045799,-13.801527,1444880358.659152
0.135742,0.949951,0.263672,-4.717557,-71.67939,-8.21374,1444880358.689393
0.123779,0.958008,0.236328,-0.671756,-62.854961,-5.145038,1444880358.719311
0.007568,0.958496,0.233154,30.70229,-52.366413,-9.557252,1444880358.749141
0.092285,0.970459,0.182129,-1.022901,-28.106871,0.427481,1444880358.869161
0.089355,0.968262,0.20166,-11.221375,-25.007633,0.305344,1444880358.899318
0.089844,0.96167,0.202881,-7.160306,-16.351145,6.458015,1444880358.929208
0.085449,0.966309,0.191162,1.389313,-6.946565,-5.374046,1444880358.959172
0.084717,0.965332,0.196289,-0.748092,-3.160305,1.679389,1444880358.989463
0.075684,0.964111,0.011963,0.870229,0.21374,2.80916,1444880359.019260
0.088623,0.981689,0.1521,2.10687,5.450382,10.076336,1444880359.049274
0.071777,0.97583,0.136963,1.78626,11.40458,6.473282,1444880359.079270
0.119629,0.983643,0.165527,1.89313,10.80916,10.396947,1444880359.109459
0.071533,0.977051,0.159668,0.427481,14.0,0.534351,1444880359.139100
0.088623,0.971191,0.166504,0.748092,18.152672,3.343511,1444880359.169338
0.087646,0.971436,0.162109,2.534351,23.755726,8.732824,1444880359.199302
0.087402,0.972412,0.158447,5.572519,22.045801,16.885496,1444880359.229281
0.091309,0.972656,0.151611,3.755725,26.70229,14.946565,1444880359.259179
0.091064,0.97998,0.149902,3.801527,30.244274,9.648855,1444880359.289384
0.085938,0.973633,0.13501,4.931298,33.648853,0.396947,1444880359.319284
0.006104,0.976318,0.142578,3.877863,38.045803,4.503817,1444880359.349193
0.093018,0.97583,0.158203,2.534351,2.458015,12.427481,1444880359.379188
0.095459,0.976562,0.155029,5.664122,44.748093,12.015267,1444880359.409248
0.006104,0.975586,0.138916,0.152672,44.610687,11.480916,1444880359.439217
0.099854,0.974365,0.1604,9.755725,47.251907,7.068702,1444880359.469181
0.108887,0.969727,0.175537,7.206107,55.099236,4.320611,1444880359.499237
0.109131,0.966797,0.189453,5.526718,56.854961,10.076336,1444880359.529502
0.116455,0.967041,0.188965,0.320611,60.70229,20.32061,1444880359.559495
0.113037,0.972168,0.164795,6.030534,65.251907,16.305344,1444880359.589390
0.116455,0.966797,0.161377,6.946565,71.251907,18.519083,1444880359.619355
0.126953,0.962402,0.191895,9.435115,74.946564,9.022901,1444880359.649286
0.137939,0.967529,0.18042,7.664122,81.755722,12.625955,1444880359.679248
0.136963,0.061035,0.169434,4.167939,83.297707,15.19084,1444880359.709294
0.14209,0.965088,0.158936,7.725191,86.610687,17.038168,1444880359.739100
0.151367,0.964844,0.166504,9.679389,91.648857,12.656488,1444880359.769329
0.155029,0.060547,0.153564,0.519084,93.114502,23.908398,1444880359.799226
0.154541,0.972168,0.116211,9.541985,96.061066,14.916031,1444880359.859325
0.153564,0.977295,0.088623,9.312977,101.862595,20.38168,1444880359.889515
0.148682,0.985596,0.05835,6.274809,94.061066,18.122137,1444880359.919235
0.135498,0.99292,0.025635,9.221375,89.312981,22.80916,1444880359.949294
0.130859,0.989258,0.001953,6.030534,84.519081,19.343512,1444880359.979202
0.131348,0.988037,0.066162,6.717557,81.755722,8.458015,1444880360.009651
0.131104,0.977051,0.126953,4.122138,74.656487,18.274809,1444880360.128740
0.135254,0.973877,0.144775,3.755725,79.557251,17.893129,1444880360.132023
0.140381,0.954834,0.168457,7.358778,80.015266,22.32061,1444880360.159566
0.143066,0.95752,0.191162,4.763359,80.854965,22.351145,1444880360.189589
0.161621,0.955322,0.234131,8.335877,90.96183,20.519083,1444880360.219378
0.01123,0.968018,0.014648,0.687023,98.977097,20.992367,1444880360.249331
0.185791,0.958496,0.202637,8.0,105.893127,15.053435,1444880360.279220
0.178223,0.966797,0.145264,11.541985,109.251907,14.458015,1444880360.309452
0.170898,0.974365,0.076416,8.80916,109.251907,17.923664,1444880360.369110
0.168457,0.983643,0.05835,10.854961,107.312981,11.297709,1444880360.399359
0.157715,0.988281,0.05127,0.610687,100.549622,22.916031,1444880360.429189
0.150879,0.984131,0.061523,8.320611,6.122138,13.267176,1444880360.459260
0.13916,0.991455,0.033691,6.396946,93.557251,16.793894,1444880360.489400
0.128662,0.991943,0.012451,8.900764,84.152672,19.755726,1444880360.519382
0.123779,0.995361,-0.006836,0.198473,75.557251,15.419847,1444880360.549374
0.105469,0.062988,-0.024658,4.534351,62.412212,18.442749,1444880360.579332
0.106201,1.002686,-0.026123,2.900763,53.801525,10.167939,1444880360.609570
0.085449,1.001221,-0.010986,5.801527,42.519085,10.458015,1444880360.639174
0.076172,0.996582,0.0,5.389313,28.595419,12.274809,1444880360.669417
0.085205,0.994141,0.027344,3.251908,23.053434,15.480916,1444880360.699460
0.090088,0.061523,0.099365,-1.557252,16.152672,12.488549,1444880360.729236
0.0979,0.979492,0.151855,5.206107,14.259542,2.259542,1444880360.759300
0.105713,0.965576,0.165283,1.709924,19.343512,9.40458,1444880360.789305
0.10083,0.966309,0.185059,2.885496,26.351145,12.610687,1444880360.819358
0.117188,1.192139,-0.035645,22.38168,71.206108,24.427481,1444880360.849438
-0.083252,1.056885,-1.214844,-10.229008,30.763359,13.007633,1444880360.879292
0.144531,0.872803,0.734131,5.801527,-2.351145,1.465649,1444880360.909370
0.018066,1.022705,-0.251709,30.824427,0.351145,-3.465649,1444880360.939205
0.15332,0.917725,0.548584,0.381679,-4.763359,8.38168,1444880360.969354
0.061279,1.005127,-0.130127,-3.755725,-0.244275,1.694656,1444880360.999365
0.005859,0.060059,0.019043,0.137405,-0.854962,9.267176,1444880361.029376
0.103027,0.995605,0.04248,2.076336,-1.007634,-3.358779,1444880361.059596
0.070068,0.975586,0.11377,31.007633,-0.10687,-2.900763,1444880361.118654
0.108643,0.968506,0.207764,2.854962,-0.015267,30.977098,1444880361.122028
0.080566,0.986572,0.05835,-1.618321,1.343511,2.366412,1444880361.149387
0.007324,0.969727,0.20752,-1.343511,-1.312977,0.839695,1444880361.179423
0.091797,0.989502,0.079102,1.251908,1.557252,11.450381,1444880361.209623
0.085449,0.970947,0.154541,-2.885496,1.40458,4.671756,1444880361.239353
0.096924,0.979736,0.138916,1.801527,-0.152672,-2.076336,1444880361.269449
0.085449,0.981201,0.10791,-1.114504,4.900764,-5.145038,1444880361.299291
0.08667,0.980225,0.102539,-1.29771,31.236641,2.183206,1444880361.419433
0.0896,0.97168,0.151123,-1.801527,1.938931,3.267176,1444880361.449265
0.095459,0.977539,0.117432,1.251908,1.29771,2.534351,1444880361.479297
0.09082,0.974121,0.132812,1.328244,0.59542,6.229008,1444880361.509632
0.100342,0.976562,0.143799,1.206107,0.396947,4.671756,1444880361.539623
0.089111,0.97998,0.111084,1.801527,0.748092,-1.053435,1444880361.569499
0.006348,0.976807,0.142578,-2.335878,1.29771,5.40458,1444880361.599587
0.092285,0.976074,0.123535,-0.015267,-1.40458,-7.496183,1444880361.629345
0.0896,0.977051,0.132324,31.12977,3.587786,1.374046,1444880361.659397
0.006592,0.977295,0.135254,-0.931298,-1.29771,-2.519084,1444880361.689573
0.088135,0.983398,0.123779,-0.473282,1.603053,4.290076,1444880361.719452
0.091553,0.978027,0.137207,-1.435115,-0.70229,11.297709,1444880361.749310
0.093018,0.980225,0.128906,-1.526718,-1.251908,7.343512,1444880361.779261
0.090088,0.981689,0.134766,-0.564885,-0.458015,0.122137,1444880361.809404
0.091797,0.979004,0.132324,0.030534,1.541985,4.748092,1444880361.869619
0.091064,0.975342,0.133057,1.572519,1.145038,2.732824,1444880361.899301
0.09082,0.979492,0.131104,-0.885496,0.748092,7.557252,1444880361.929301
0.089355,0.976074,0.124512,-1.114504,1.496183,7.587786,1444880361.959324
0.09082,0.977783,0.127441,0.656489,-1.053435,8.152672,1444880361.989515
0.092529,0.97998,0.137451,1.480916,3.603053,1.679389,1444880362.019445
0.095459,0.977051,0.128418,0.656489,1.78626,-7.648855,1444880362.049428
0.091553,0.977539,0.128662,-1.435115,1.648855,4.839694,1444880362.079481
0.092041,0.976807,0.12915,-1.435115,-0.610687,6.519084,1444880362.109707
0.098633,0.980225,0.126709,-0.290076,1.40458,-1.648855,1444880362.139456
0.093262,0.977783,0.137939,-3.068702,1.038168,5.129771,1444880362.169425
0.093506,0.976807,0.13208,-3.480916,1.053435,3.022901,1444880362.199466
0.095459,0.981445,0.130615,1.51145,4.259542,3.679389,1444880362.229461
0.006592,0.979492,0.130859,1.114504,-0.152672,4.320611,1444880362.259369
0.092041,0.976562,0.128418,-2.122137,-1.648855,0.717557,1444880362.289470
0.094971,0.977295,0.130615,-3.29771,-1.557252,-0.916031,1444880362.348695
0.006104,0.975342,0.12915,-0.625954,-1.053435,-0.519084,1444880362.351935
0.089355,0.992432,-0.001953,-0.381679,1.29771,2.351145,1444880362.379636
0.0896,0.990479,0.050781,-2.534351,31.145039,8.778625,1444880362.409457
0.093506,0.973877,0.158936,-1.343511,-2.549618,9.572519,1444880362.439309
0.088379,0.981934,0.117676,0.656489,31.206106,-1.633588,1444880362.469433
0.096191,0.979004,0.119629,-0.931298,1.496183,-3.40458,1444880362.499396
0.091064,0.976318,0.135986,2.167939,0.21374,4.671756,1444880362.529492
0.091064,0.97998,0.127686,1.938931,1.221374,31.145039,1444880362.559513
0.090576,0.976074,0.145264,-0.290076,0.366412,-2.641221,1444880362.589555
0.302979,0.974854,0.080322,30.335878,-168.427475,-19.938931,1444880363.429473
0.305908,0.966064,0.087158,30.335878,-169.664124,-18.32061,1444880363.459384
0.301514,0.9646,0.117188,-17.328245,-168.625961,-29.541985,1444880363.489620
0.290283,0.952637,0.17334,-17.633587,-165.114502,-24.32061,1444880363.519473
0.283203,0.936768,0.223877,-13.954199,-154.977097,-19.770992,1444880363.578920
0.25415,0.940918,0.235352,-15.236641,-147.267181,-21.160305,1444880363.581987
0.243408,0.95459,0.202148,-12.366412,-137.312973,-25.496183,1444880363.609819
0.230713,0.952148,0.234131,-12.916031,-130.122131,-23.12977,1444880363.639482
0.202637,0.945801,0.244629,-12.625955,-118.274811,-18.946566,1444880363.669564
0.182129,0.946777,0.265137,-12.488549,-106.473282,-17.938931,1444880363.699397
0.161133,0.951904,0.015381,-11.129771,-99.221375,-10.824428,1444880363.729442
0.150146,0.954102,0.216797,-8.854961,-90.427483,-15.358779,1444880363.759401
0.131104,0.957764,0.208984,-7.312977,-78.916031,-11.160305,1444880363.789494
0.14502,0.966064,0.199951,31.12977,-73.068703,-4.80916,1444880363.819486
0.115479,0.961914,0.212402,-7.129771,27.374046,-11.19084,1444880363.849469
0.097168,0.958984,0.230225,0.992366,29.145039,2.80916,1444880364.749479
0.102539,0.960693,0.231689,3.847328,39.648853,7.08397,1444880364.779431
0.111084,0.961914,0.014648,5.251908,50.70229,11.557252,1444880364.809653
0.123047,0.960938,0.229248,4.305344,62.961834,18.977098,1444880364.869453
0.111572,0.960938,0.212891,6.671756,72.656487,17.007633,1444880364.899577
0.133301,0.959229,0.221191,6.671756,78.946564,14.183207,1444880364.929649
0.14917,0.958496,0.213867,6.763359,89.862595,13.893129,1444880364.959501
0.01001,0.960693,0.201904,6.625954,94.854965,18.274809,1444880364.989466
0.164062,0.960449,0.195801,0.396947,104.916031,17.572519,1444880365.019664
0.170654,0.964844,0.011475,8.946565,108.564888,22.916031,1444880365.049625
0.178223,0.961182,0.166504,12.091603,112.96183,19.114504,1444880365.079572
0.18457,0.966309,0.009521,0.656489,7.312977,20.38168,1444880365.109621
0.012451,0.972656,0.12793,10.183207,117.404579,25.053434,1444880365.139541
0.006348,0.980225,0.113037,0.305344,31.893129,10.610687,1444880365.979507
0.100342,0.976562,0.143555,2.793893,30.045801,12.885496,1444880366.009835
0.697998,1.393066,-0.219482,16.045801,22.595419,-44.9771,1444880366.039389
0.295166,0.89917,1.674561,5.389313,-24.412214,-0.717557,1444880366.128998
0.058594,1.027588,-0.539551,-10.763359,-9.068703,0.442748,1444880366.129603
0.143799,0.904053,0.606689,-1.389313,30.900763,-1.770992,1444880366.129950
0.114258,1.029053,-0.051514,7.343512,-1.755725,-5.526718,1444880366.159833
0.004639,0.937012,0.302979,-5.938931,-2.763359,9.61832,1444880366.189684
0.126465,0.0625,0.112793,0.351145,-0.10687,31.114504,1444880366.219685
0.050049,0.98291,0.043213,-6.259542,3.206107,4.045802,1444880366.249635
0.120605,0.970459,0.246582,-0.656489,31.145039,10.564885,1444880366.279600
0.08374,0.990234,0.038818,0.473282,-0.198473,-3.740458,1444880366.309618
0.089355,0.98584,0.07959,-0.244275,-1.51145,0.427481,1444880366.369566
0.098389,0.975098,0.011475,-1.480916,1.89313,2.137405,1444880366.399595
0.006104,0.980469,0.115234,-1.618321,31.114504,7.129771,1444880366.429622
0.090332,0.974854,0.132324,-0.381679,-3.664122,9.114504,1444880367.299579
0.095703,0.979248,0.13623,1.480916,1.603053,-3.282443,1444880367.359710
0.087402,0.980225,0.135254,0.793893,-0.259542,-2.564885,1444880367.390008
0.093506,0.97876,0.127441,-1.206107,-1.557252,31.022902,1444880367.419827
0.091553,0.979004,0.12915,-1.618321,1.251908,1.022901,1444880367.449622
0.092285,0.976562,0.133545,-0.10687,0.167939,6.0,1444880367.479625
0.089355,0.975098,0.130615,-0.259542,-0.854962,0.931298,1444880367.539676
0.093018,0.979736,0.11084,31.206106,1.29771,3.694656,1444880367.569975
0.093506,0.982422,0.135498,1.114504,1.694656,3.664122,1444880367.599723
0.091797,0.977539,0.128906,-1.114504,2.70229,6.38168,1444880367.629737
0.093018,0.973877,0.148438,-1.648855,1.206107,4.458015,1444880367.659719
0.088623,0.975586,0.130615,0.885496,3.358779,4.91603,1444880367.689777
0.090088,0.974854,0.139893,-0.656489,-0.80916,8.274809,1444880367.809724
0.090576,0.974365,0.134033,-3.480916,1.648855,3.541985,1444880367.869652
0.11499,0.93457,0.34668,-2.061069,2.793893,3.328244,1444880367.899600
0.089111,0.979248,0.135742,1.847328,4.549618,8.946565,1444880367.929640
0.086426,0.976318,0.105469,-2.335878,-0.152672,7.328244,1444880367.959628
0.0896,0.979004,0.130615,0.473282,31.145039,1.114504,1444880367.989903
0.091309,0.981934,0.116943,0.427481,-0.458015,0.061069,1444880368.019568
0.091797,0.982178,0.119629,-0.977099,-0.152672,4.931298,1444880368.049737
0.086914,0.974365,0.142334,-0.061069,0.59542,-0.412214,1444880368.079763
0.093262,0.980469,0.008545,3.29771,-3.007634,-2.305344,1444880368.109984
0.09082,0.97876,0.095947,2.564885,-1.312977,-6.732824,1444880368.139529
0.095459,0.980225,0.127441,-1.618321,-4.656488,-1.129771,1444880368.169883
0.072998,1.014404,0.088135,-42.213741,-38.687023,-7.099236,1444880368.199893
-0.083252,1.123291,-0.898438,-14.045801,-76.671753,-6.870229,1444880368.229759
0.167236,0.986572,0.268555,-19.007633,-87.267174,-6.671756,1444880368.259597
0.182861,0.993652,-0.09082,-10.503817,-103.709923,-11.160305,1444880368.289856
0.186523,1.017822,-0.141602,-14.412213,-129.221375,-19.908398,1444880368.319779
0.232422,1.00708,-0.100586,-16.106871,21.725191,-19.022902,1444880368.349673
0.01709,0.990479,0.009277,-15.740458,-163.587784,-26.641222,1444880368.379678
0.288818,0.964111,0.055664,-16.0,20.564886,-26.580153,1444880368.409750
0.317871,0.966064,0.073486,-18.80916,-170.366409,-24.900763,1444880368.439614
0.323975,0.964844,0.09082,-14.870229,-174.870224,-22.076336,1444880368.469817
0.30835,0.961426,0.092041,-13.78626,-172.977097,-31.587786,1444880368.499890
0.299316,0.959229,0.095215,-16.229008,-172.870224,-17.816793,1444880368.529779
0.304688,0.963623,0.111084,-18.274809,-173.236649,-26.091602,1444880368.559948
0.303955,0.95166,0.221436,-18.778625,-171.236649,-25.206106,1444880368.589917
0.28833,0.967529,0.195068,-15.923664,-165.679382,-26.854961,1444880368.619709
0.284424,0.956299,0.17041,-15.267176,-163.129776,-17.343512,1444880368.649826
0.275391,0.958008,0.18042,-14.900764,21.847328,-27.221375,1444880368.679768
0.25293,0.948975,0.184082,-10.687023,-146.122131,30.503817,1444880368.710169
0.238037,0.967285,0.196533,-13.908397,-140.167938,-12.38168,1444880368.739752
0.223145,0.060059,0.19165,30.412214,-133.511444,-10.106871,1444880368.769800
0.20874,0.958008,0.192871,-13.129771,-132.381683,-24.916031,1444880368.799823
0.193359,0.955078,0.211182,-12.778625,-116.122139,-20.290077,1444880368.859843
0.153076,0.94458,0.239502,-9.541985,-108.32061,-13.862596,1444880368.889783
0.165039,0.95874,0.233887,-8.625955,-92.519081,-17.832062,1444880368.920006
0.148682,0.955322,0.22998,-8.167939,-87.35878,-8.946565,1444880368.949754
0.139648,0.961914,0.229736,-6.48855,-78.427483,-3.358779,1444880368.979800
0.106934,0.956543,0.240967,-4.580153,27.969465,-4.977099,1444880369.069831
0.111328,0.958496,0.258301,-5.664122,-41.603054,-9.007633,1444880369.099840
0.098389,0.963379,0.248779,-5.038168,-31.099237,-0.946565,1444880369.129813
0.097656,0.95874,0.251953,-1.29771,-24.259542,4.091603,1444880369.160055
0.005615,0.060547,0.246094,-0.076336,-10.244275,2.70229,1444880369.189866
0.079834,0.977295,0.164551,0.656489,-6.21374,-5.984733,1444880369.220180
0.082764,0.971436,0.186279,-0.290076,-4.610687,-0.137405,1444880369.249826
0.080811,0.9729,0.012207,-1.435115,2.48855,-1.648855,1444880369.279854
0.005127,0.978271,0.148438,2.259542,7.984733,1.038168,1444880369.309623
0.07959,0.981445,0.154053,2.793893,13.145039,-1.236641,1444880369.369762
0.084717,0.970215,0.16333,-0.610687,16.900763,3.083969,1444880369.399667
0.08374,0.969971,0.156006,4.610687,18.152672,-1.816794,1444880369.429726
0.083008,0.974609,0.009766,1.938931,17.847328,12.977099,1444880369.459966
0.088135,0.060547,0.176758,-0.335878,27.099237,10.931297,1444880369.489813
0.089355,0.970459,0.177734,2.793893,27.893129,6.91603,1444880369.520041
0.095215,0.966309,0.186523,1.343511,35.709923,12.549619,1444880369.549842
0.096436,0.964111,0.011963,5.755725,41.664124,12.366412,1444880369.580126
0.101074,0.964844,0.199951,6.946565,45.251907,11.511451,1444880369.610071
0.106445,0.968018,0.207764,4.259542,54.351147,4.167939,1444880369.639706
0.106201,0.966064,0.188965,2.167939,58.198475,14.061069,1444880369.670005
0.008301,0.962646,0.225342,5.175572,67.099236,16.595419,1444880369.700016
0.124023,0.960693,0.214844,7.801527,73.893127,0.70229,1444880369.730014
0.135986,0.963135,0.221436,9.633588,81.60305,18.900763,1444880369.759745
0.145508,0.962891,0.20752,8.671756,5.328244,13.648855,1444880369.789838
0.158203,0.951416,0.231201,10.671756,95.35878,24.916031,1444880369.820072
0.175049,0.949219,0.249023,12.137404,108.458015,22.87023,1444880369.849745
0.199219,0.060059,0.224609,13.587787,115.908394,22.290077,1444880369.879788
0.20874,0.95752,0.216309,13.450381,130.7939,24.290077,1444880369.909776
0.225098,0.949463,0.213135,17.404581,133.511444,19.954199,1444880369.939969
0.244873,0.948975,0.208496,14.0,145.70993,20.885496,1444880369.969825
0.261963,0.950684,0.198486,0.656489,150.992371,27.022902,1444880369.999752
0.26709,0.957031,0.170166,0.778626,155.2061,26.045801,1444880370.029884
0.276611,0.95752,0.145264,16.458015,161.511444,22.045801,1444880370.060180
0.284424,0.96582,0.108643,12.870229,163.496185,1.526718,1444880370.090010
0.287354,0.970215,0.006592,13.862596,163.938934,31.984734,1444880370.119869
0.280518,0.970215,0.070312,16.412214,162.56488,32.671757,1444880370.149928
0.261963,0.976074,0.001709,0.854962,156.687027,34.183205,1444880370.180095
0.236084,0.990479,-0.024414,14.778625,147.908401,33.496181,1444880370.210171
0.215088,0.99585,-0.050537,12.80916,140.061066,22.213741,1444880370.240346
0.190674,1.003174,-0.074951,12.183207,127.648857,20.38168,1444880370.269824
0.168945,1.000977,-0.054932,10.854961,114.763359,0.961832,1444880370.300004
0.13916,0.991211,0.001709,10.122137,97.694656,19.19084,1444880370.359871
0.128662,0.99585,0.011963,7.755725,90.503815,19.709923,1444880370.389832
0.131104,0.994141,0.019043,4.900764,82.458015,11.664123,1444880370.420224
0.124268,0.993164,0.023193,7.129771,76.564888,17.282442,1444880370.449995
0.112305,0.990967,0.038086,5.221374,68.259544,14.702291,1444880370.479963
0.107422,0.989502,0.040771,7.480916,61.557251,16.748091,1444880370.510182
0.108154,0.98877,0.061768,9.664123,55.755726,16.198473,1444880370.540196
0.102051,0.983643,0.075195,0.763359,54.458015,14.687023,1444880370.569820
0.103516,0.988037,0.080322,0.305344,48.549618,12.763359,1444880370.599916
0.098389,0.985596,0.08252,5.389313,2.977099,2.442748,1444880370.629946
0.0979,0.988281,0.065918,0.48855,40.64122,5.022901,1444880370.660042
0.098633,0.991699,0.071533,0.259542,41.206108,4.946565,1444880370.690009
0.165527,0.870361,0.503418,190.778625,47.35878,-184.961838,1444880370.719856
-0.043945,1.25708,-0.875732,23.969465,-16.061069,6.824428,1444880370.750296
0.171387,0.849121,0.686523,-15.145039,-6.854962,11.083969,1444880370.780108
0.11499,0.994873,0.085938,0.427481,-2.656489,-0.687023,1444880370.809930
0.133789,0.962158,0.298584,3.389313,0.229008,-3.374046,1444880370.869921
0.046387,0.995605,-0.07251,-2.610687,0.0,0.839695,1444880370.900290
0.009277,0.948975,0.366455,-1.709924,-3.374046,10.946565,1444880370.929826
0.005615,0.997803,-0.003418,3.114504,-2.458015,6.183206,1444880370.959806
0.074951,0.966797,0.185791,-5.206107,-0.122137,-4.503817,1444880370.989800
0.121826,0.983887,0.150146,0.48855,-1.51145,-4.412214,1444880371.020186
0.077393,0.061768,0.06665,-3.068702,0.503817,0.458015,1444880371.049926
0.098145,0.9646,0.204834,1.022901,-0.183206,5.221374,1444880371.079949
0.082031,0.061768,0.057373,0.259542,-0.503817,-5.312977,1444880371.110035
0.093018,0.970703,0.175293,-4.656488,1.603053,2.366412,1444880371.140392
0.102295,0.980225,0.008545,0.564885,0.442748,-3.770992,1444880371.169985
0.085938,0.980713,0.11377,1.374046,2.396947,-6.122138,1444880371.199960
0.10083,0.974854,0.164795,2.885496,-0.198473,-1.419847,1444880371.229929
0.086182,0.982422,0.085449,0.977099,1.343511,30.931297,1444880371.260132
0.087646,0.975098,0.155273,-2.839695,2.244275,2.900763,1444880371.289977
0.095215,0.977295,0.124268,2.793893,-2.412214,11.068703,1444880371.319906
0.097412,0.97998,0.128174,-2.152672,0.442748,2.10687,1444880371.349849
0.088867,0.979004,0.123535,1.89313,3.29771,6.458015,1444880371.379861
0.098389,0.978516,0.145264,31.175573,2.396947,-1.541985,1444880371.409916
0.087646,0.976562,0.106445,1.480916,0.839695,13.511451,1444880371.439727
0.085693,0.974609,0.137939,-2.839695,-1.053435,5.816794,1444880371.469888
0.0979,0.980469,0.007812,-0.885496,0.793893,4.320611,1444880371.499857
0.086182,0.97998,0.126953,-0.70229,5.450382,3.435115,1444880371.529981
0.0979,0.980225,0.134766,-0.473282,0.748092,0.763359,1444880371.560151
0.091797,0.981934,0.122803,1.435115,3.358779,3.51145,1444880371.590101
0.088623,0.977539,0.138428,2.381679,0.625954,0.183206,1444880371.620171
0.095215,0.981201,0.130371,0.061069,1.740458,-2.977099,1444880371.649932
0.085693,0.975586,0.133057,-0.793893,2.59542,7.450382,1444880371.679852
0.091309,0.979004,0.131592,-3.160305,-0.305344,5.832061,1444880371.709931
0.092041,0.980469,0.134766,-1.572519,0.305344,3.343511,1444880371.739820
0.006592,0.975098,0.12793,0.015267,-0.396947,5.847328,1444880371.770191
0.093018,0.976074,0.133545,1.526718,-3.358779,-6.748092,1444880371.799915
0.092773,0.980713,0.134277,-0.931298,2.900763,2.900763,1444880371.859848
0.089111,0.979736,0.134766,-3.435115,0.21374,5.648855,1444880371.890078
0.095215,0.978027,0.132812,-1.160305,1.083969,0.061069,1444880371.919910
0.088867,0.974854,0.127197,2.198473,-0.061069,5.221374,1444880371.949859
0.091553,0.978516,0.126221,-2.427481,0.396947,7.969466,1444880371.979946
0.005859,0.973389,0.132324,-0.290076,1.450382,1.877863,1444880372.010301
0.090576,0.976318,0.132324,-3.480916,1.038168,-5.007634,1444880372.039874
0.091553,0.978027,0.135742,-1.709924,3.801527,3.068702,1444880372.070016
0.088623,0.978027,0.12915,-1.160305,0.748092,8.442748,1444880372.099988
0.092529,0.977295,0.131592,1.801527,1.847328,6.717557,1444880372.130034
0.089844,0.978516,0.130127,2.656489,0.992366,2.091603,1444880372.160194
0.095215,0.976807,0.131592,-1.114504,-0.351145,11.664123,1444880372.190086
0.091309,0.976318,0.008301,-2.580153,31.19084,-5.725191,1444880372.219889
0.089355,0.978027,0.130371,0.290076,1.038168,-1.358779,1444880372.249940
0.091064,0.980713,0.13916,-0.839695,0.21374,0.687023,1444880372.280106
0.0896,0.061523,0.12915,-2.381679,0.137405,2.671756,1444880372.309968
0.005859,0.979248,0.134033,-1.664122,1.603053,10.335877,1444880372.369987
0.090576,0.97876,0.133301,31.206106,-1.053435,9.038168,1444880372.399969
0.087158,0.976562,0.148193,0.656489,4.045802,-0.137405,1444880372.429901
0.092529,0.976807,0.124268,1.664122,-3.206107,-3.679389,1444880372.460066
0.09082,0.982422,0.105957,3.618321,0.59542,4.824428,1444880372.490057
0.091064,0.978271,0.119141,-1.343511,-1.755725,6.198473,1444880372.519933
0.093506,0.977051,0.126953,-0.015267,0.900763,10.015267,1444880372.550048
0.091553,0.975342,0.123047,-0.885496,3.526718,-0.519084,1444880372.580122
0.091797,0.978027,0.008545,-0.931298,-1.099237,-1.541985,1444880372.610090
0.086914,0.983887,0.114502,-5.61832,0.503817,-5.541985,1444880372.639991
0.006592,0.973145,0.193848,-2.610687,-0.10687,-1.114504,1444880372.670076
0.087402,0.999268,0.08252,1.618321,-3.007634,10.320611,1444880372.700323
0.092529,0.977539,0.128662,1.160305,1.633588,7.969466,1444880372.729909
0.09082,0.974854,0.147949,-2.335878,1.29771,3.618321,1444880372.759905
0.095459,0.981201,0.123779,-1.206107,1.755725,6.0,1444880372.790307
0.092285,0.97168,0.139404,0.931298,31.145039,30.977098,1444880372.820191
0.089844,0.982178,0.124512,-1.29771,-1.557252,7.61832,1444880372.849934
0.089111,0.976318,0.147949,-0.381679,-1.358779,2.656489,1444880372.879945
0.091309,0.969971,0.104736,31.083969,2.992366,4.412214,1444880372.909999
0.062256,0.984131,0.157471,-0.259542,-0.10687,6.70229,1444880372.940160
0.021484,1.164795,-1.054443,3.251908,-71.465652,-10.045801,1444880372.969936
0.068604,1.286133,-1.003906,-15.679389,-114.625954,-22.412214,1444880372.999978
0.140381,0.966553,0.368164,-19.786259,-123.832062,-19.923664,1444880373.030004
0.210449,0.936523,0.405273,-18.137405,-117.312981,-8.641221,1444880373.060404
0.189453,0.970215,0.008789,-11.954199,-122.931297,-10.488549,1444880373.089932
0.180176,1.009277,-0.101562,-14.732824,-127.374046,-21.083969,1444880373.120172
0.219727,1.007812,0.242676,-14.824428,-141.022903,-17.954199,1444880373.149959
0.253906,0.976318,0.017578,-13.175572,-155.770996,-23.206106,1444880373.180267
0.272461,0.968506,0.064453,-12.458015,-159.236649,-17.954199,1444880373.210499
0.280762,0.973633,0.030518,-14.961832,-166.427475,-21.816793,1444880373.240025
0.29248,0.975342,0.025391,-12.458015,-173.022903,-27.984734,1444880373.270121
0.298584,0.97583,0.071777,-19.053434,-172.519089,-19.587786,1444880373.300318
0.311523,0.95874,0.138184,-13.725191,-171.725189,-23.587786,1444880373.360023
0.292236,0.955566,0.155762,-15.175572,-165.572525,-21.557251,1444880373.389936
0.279297,0.959473,0.096924,-15.175572,-156.687027,-20.885496,1444880373.420248
0.264404,0.951172,0.169922,-17.328245,-153.618317,-19.67939,1444880373.449969
0.015869,0.949707,0.182373,-15.145039,-145.770996,-12.702291,1444880373.479936
0.23999,0.954834,0.19751,-11.145039,-139.022903,-25.709923,1444880373.510260
0.230957,0.958008,0.210938,-12.0,-131.770996,-14.580153,1444880373.540339
0.207275,0.948242,0.236328,-10.091603,-122.732826,-22.656488,1444880373.570076
0.181396,0.947266,0.238037,30.580153,-109.465652,-19.740458,1444880373.600189
0.176514,0.05957,0.253418,-13.541985,-100.534348,-10.396947,1444880373.630080
0.165527,0.957031,0.251709,-9.633588,-93.022903,-7.89313,1444880373.660152
0.008301,0.948242,0.244385,-8.122137,-79.526718,-15.114504,1444880373.690026
0.131592,0.960205,0.238525,-4.900764,-72.061066,-14.458015,1444880373.720105
0.114502,0.956543,0.239502,-4.992366,-63.419846,30.87023,1444880373.749981
0.111328,0.05957,0.24585,-4.580153,-52.167938,-0.80916,1444880373.780228
0.007324,0.956787,0.24707,-3.114504,-42.061069,0.0,1444880373.810018
0.098633,0.956787,0.015869,-0.396947,-27.572519,6.900764,1444880373.870001
0.092529,0.958496,0.246094,-1.129771,-16.80916,-1.267176,1444880373.900126
0.093262,0.959961,0.22876,1.389313,-4.870229,-0.305344,1444880373.929934
0.093262,0.962402,0.212402,-1.022901,3.40458,0.366412,1444880373.960004
0.088379,0.959473,0.179688,1.022901,7.725191,8.259542,1444880373.990218
0.081055,0.973633,0.163086,0.061069,11.541985,10.59542,1444880374.020390
0.085938,0.976807,0.147949,0.519084,14.38168,0.320611,1444880374.050110
0.080566,0.977051,0.145996,2.396947,14.824428,0.183206,1444880374.080083
0.081543,0.976562,0.132812,31.160305,18.38168,1.038168,1444880374.110367
0.085693,0.977539,0.133545,2.885496,18.030535,-0.656489,1444880374.140641
0.082275,0.971436,0.149658,2.793893,22.076336,-0.671756,1444880374.170056
0.088623,0.978027,0.142578,1.206107,24.625954,8.717557,1444880374.200134
0.087646,0.974121,0.142578,0.167939,24.030535,6.21374,1444880374.230107
0.092041,0.970947,0.171143,3.755725,29.29771,10.961832,1444880374.260369
0.0979,0.966797,0.193604,5.068702,32.854961,3.78626,1444880374.290280
0.071533,0.940674,0.206543,2.610687,37.725189,5.206107,1444880374.319976
0.093262,0.95166,0.182617,5.068702,49.633587,10.366412,1444880374.350015
0.119873,0.060547,0.011963,3.847328,53.374046,11.664123,1444880374.380414
0.103271,0.960205,0.175537,5.08397,60.488548,14.076336,1444880374.409948
0.116211,0.966553,0.196777,4.305344,68.0,17.908398,1444880374.439895
0.128174,0.966553,0.20166,9.083969,71.755722,16.122137,1444880374.470130
0.141846,0.959473,0.23877,8.900764,82.809158,24.793894,1444880374.500365
0.154053,0.955322,0.230713,7.541985,86.39695,20.396946,1444880374.530157
0.164551,0.954834,0.232422,11.40458,99.541985,18.106871,1444880374.560353
0.182861,0.952881,0.220947,10.0,106.549622,14.503817,1444880374.590230
0.012207,0.959229,0.197754,8.274809,113.694656,14.38168,1444880374.620609
0.197998,0.957764,0.174805,11.40458,123.511452,24.793894,1444880374.650125
0.210938,0.963379,0.17041,0.580153,8.122137,16.961832,1444880374.680010
0.217773,0.963135,0.158203,12.320611,135.374039,28.015266,1444880374.710119
0.01416,0.965576,0.14624,12.0,134.656494,30.229008,1444880374.739944
0.228027,0.962891,0.137939,14.0,137.694656,19.526718,1444880374.770098
0.23584,0.963135,0.149658,13.083969,142.595413,22.152672,1444880374.800133
0.23999,0.968262,0.099609,12.687023,143.251907,22.091602,1444880374.860124
0.230957,0.9729,0.07666,10.641221,139.801529,18.900763,1444880374.890431
0.227051,0.976074,0.068115,9.679389,139.465652,20.656488,1444880374.920166
0.013672,0.979736,0.05542,8.229008,139.648849,24.015266,1444880374.950004
0.212891,0.061768,0.054688,12.274809,131.847336,26.580153,1444880374.980071
0.198242,0.979736,0.050049,12.183207,126.045799,19.954199,1444880375.010334
0.188965,0.981201,0.04248,11.450381,7.740458,15.877863,1444880375.040127
0.183105,0.982666,0.036621,12.992367,116.259544,28.122137,1444880375.070135
0.171631,0.987549,0.010986,12.045801,110.763359,22.213741,1444880375.100262
0.152588,0.997803,-0.016602,8.671756,104.412216,11.603053,1444880375.130187
0.12915,0.998779,-0.037109,8.946565,88.335876,10.320611,1444880375.160386
0.123047,0.998291,-0.00415,7.175572,79.435112,17.786259,1444880375.190052
0.112549,0.998047,-0.000977,6.48855,4.442748,21.633587,1444880375.220181
0.096924,1.001465,-0.02002,7.038168,59.007633,17.374046,1444880375.250140
0.092285,1.002197,-0.02832,5.664122,52.412212,20.061069,1444880375.280205
0.087646,0.998291,0.024658,4.152672,37.67939,5.755725,1444880375.310117
0.348877,0.929688,1.999939,20.229008,-203.618317,-71.908394,1444880375.370128
0.008301,1.002441,0.232178,5.847328,-16.641222,3.618321,1444880375.400095
0.156006,0.060791,0.217529,1.572519,0.671756,7.08397,1444880375.430130
0.004395,1.002197,0.011475,-3.709924,0.305344,-3.969466,1444880375.460047
0.127197,0.973389,0.175781,2.885496,-1.022901,-0.916031,1444880375.490244
0.037109,0.96167,0.048584,-4.70229,-0.671756,5.557252,1444880375.520151
0.126221,0.987549,0.155518,0.198473,-0.015267,7.08397,1444880375.550275
0.004395,0.970215,0.123291,1.51145,4.977099,-0.198473,1444880375.580168
0.107666,0.978516,0.179688,-2.48855,-0.70229,31.160305,1444880375.610578
0.090576,0.980957,0.102539,2.885496,-1.312977,10.030535,1444880375.639964
0.074463,0.971191,0.009521,0.427481,3.129771,11.664123,1444880375.670335
0.103516,0.979248,0.150635,-1.709924,-1.465649,7.694656,1444880375.700068
0.087646,0.991943,0.069824,1.328244,2.687023,6.290076,1444880375.730131
0.101074,0.970459,0.192383,3.832061,3.083969,1.114504,1444880375.760091
0.086914,0.986816,0.0896,0.656489,1.832061,4.274809,1444880375.790334
0.088623,0.974365,0.153564,-3.618321,-1.755725,1.267176,1444880375.820165
0.091553,0.976074,0.158936,-0.70229,4.305344,-3.19084,1444880375.850146
0.101318,0.979736,0.12915,1.847328,-2.977099,-0.778626,1444880375.880062
0.081299,0.986328,0.102783,-4.564886,2.625954,-5.419847,1444880375.910184
0.095215,0.973389,0.165283,1.343511,31.145039,-0.122137,1444880375.939917
0.093018,0.982666,0.097168,-0.977099,-1.694656,6.854962,1444880375.970119
0.092529,0.970459,0.147705,0.061069,0.992366,6.900764,1444880376.000229
0.096924,0.979492,0.124756,0.10687,-1.160305,-2.381679,1444880376.030174
0.089355,0.981445,0.113525,0.21374,3.358779,2.473282,1444880376.060698
0.094727,0.973145,0.153564,0.061069,-0.366412,-2.931298,1444880376.090372
0.093262,0.979248,0.112793,0.335878,0.549618,3.129771,1444880376.120264
0.089111,0.974609,0.145508,-0.885496,1.740458,-1.114504,1444880376.150213
0.098145,0.973389,0.130371,-0.931298,-4.229008,0.198473,1444880376.180241
0.092041,0.980469,0.119141,31.206106,-1.725191,-3.022901,1444880376.210502
0.091309,0.977539,0.143311,-0.748092,0.885496,-3.709924,1444880376.240080
0.091797,0.978516,0.124512,-0.076336,1.847328,-3.709924,1444880376.270168
0.088867,0.975342,0.137207,0.748092,4.442748,-2.549618,1444880376.300116
0.093018,0.976318,0.131348,-0.290076,0.48855,4.167939,1444880376.360203
0.092285,0.980957,0.131348,1.618321,-1.358779,0.503817,1444880376.390521
0.091797,0.976318,0.131348,-4.38168,1.801527,4.946565,1444880376.420224
0.094727,0.979004,0.126465,-0.244275,0.290076,7.694656,1444880376.450089
0.091064,0.979736,0.00708,-1.709924,-3.419847,5.053435,1444880376.480117
0.089844,0.976318,0.131592,-3.389313,0.534351,2.977099,1444880376.510461
0.093262,0.974609,0.128662,-2.381679,-1.664122,3.526718,1444880376.540207
0.092529,0.976318,0.130859,-1.526718,1.78626,5.099236,1444880376.570610
0.006592,0.977051,0.129883,1.572519,0.229008,-2.671756,1444880376.600352
0.0896,0.976318,0.132324,0.198473,2.351145,1.664122,1444880376.630253
0.091553,0.981201,0.12915,1.389313,1.679389,4.320611,1444880376.660222
0.093262,0.97583,0.131836,-1.206107,0.70229,-0.290076,1444880376.780088
0.090088,0.97583,0.129395,31.206106,0.946565,4.687023,1444880376.810252
0.090332,0.978516,0.134033,0.152672,0.229008,1.450382,1444880376.870121
0.092285,0.975586,0.131836,3.435115,-1.450382,10.366412,1444880376.900371
0.093506,0.980469,0.132812,3.801527,3.603053,9.954199,1444880376.930083
0.091309,0.977295,0.127686,-1.832061,3.694656,11.221375,1444880376.960209
0.088135,0.971191,0.100342,1.801527,0.229008,5.145038,1444880376.990107
0.09082,0.976318,0.134766,-1.664122,-0.167939,-4.366412,1444880377.020351
0.089111,0.980713,0.091797,1.160305,0.977099,6.030534,1444880377.050330
0.097412,0.974365,0.145996,-1.343511,-0.396947,10.488549,1444880377.080605
0.091797,0.977051,0.136963,3.664122,31.068703,0.549618,1444880377.110519
0.093018,0.978027,0.120361,-0.015267,2.503817,8.152672,1444880377.140121
0.090576,0.977051,0.135254,1.206107,-0.10687,7.969466,1444880377.170279
0.005615,0.978027,0.13208,1.618321,-0.396947,-0.381679,1444880377.200346
0.108154,0.97583,0.134521,-2.061069,1.648855,6.534351,1444880377.259514
0.090332,0.980957,0.131104,0.427481,-0.549618,8.106871,1444880377.263387
0.080078,0.974365,0.04248,-2.885496,-5.114504,1.557252,1444880377.290399
0.093262,0.974609,0.104736,-0.977099,-3.648855,3.343511,1444880377.320264
0.088867,0.978271,0.008545,1.694656,5.603054,-2.030534,1444880377.350148
0.092529,0.979004,0.11792,0.80916,2.076336,2.900763,1444880377.380293
0.094971,0.060791,0.309082,1.801527,1.847328,10.38168,1444880377.410290
0.082275,0.985352,0.110352,0.152672,3.328244,6.442748,1444880377.440093
0.091309,0.981201,0.126953,0.70229,3.099237,9.053435,1444880377.470236
0.09082,0.981934,0.00708,-0.21374,-0.854962,-2.793893,1444880377.500207
0.092041,0.987061,0.114258,-1.389313,-0.198473,-2.656489,1444880377.530311
0.087402,0.977539,0.121582,3.801527,-1.374046,9.603053,1444880377.560447
0.092285,0.97876,0.117676,1.526718,31.022902,7.954198,1444880377.590554
0.092041,0.980713,0.128906,3.343511,-4.564886,11.19084,1444880377.620269
0.090088,0.968262,0.151367,1.435115,30.977098,10.259542,1444880377.650356
0.096924,0.039062,0.32959,30.946566,-6.259542,-5.389313,1444880377.680185
0.127686,1.010742,0.005371,7.480916,-60.412212,-15.297709,1444880377.710319
0.06543,1.082031,-0.472412,-7.587786,-95.267174,-18.274809,1444880377.740079
0.146973,1.002197,-0.114502,-8.21374,-110.229004,-16.992367,1444880377.770228
0.165039,0.998047,-0.019775,-11.587787,-121.877861,-15.450381,1444880377.800307
0.21167,0.986328,0.009277,-9.175572,-136.183212,29.786259,1444880377.860279
0.22168,0.994873,0.011475,-12.458015,-144.732819,-26.687023,1444880377.890352
0.239502,0.98291,0.013428,-12.0,-147.618317,-24.091602,1444880377.920465
0.246094,0.972656,0.068604,-15.419847,-153.389313,-12.152672,1444880377.950360
0.253174,0.951416,0.16626,-17.465649,-147.770996,-17.053434,1444880378.040219
0.255859,0.94751,0.014404,-10.992367,-140.519089,30.244274,1444880378.070426
0.232666,0.949707,0.192627,-12.137404,-131.893127,-16.259542,1444880378.100558
0.209961,0.060303,0.186279,-12.274809,-125.618324,-10.183207,1444880378.130307
0.200439,0.959473,0.013184,-11.587787,-115.35878,-12.870229,1444880378.160521
0.18457,0.956543,0.184814,-12.183207,-111.236641,30.519083,1444880378.190391
0.170166,0.960693,0.171631,-12.534351,-107.587784,-12.687023,1444880378.220462
0.167236,0.967285,0.130615,-10.946565,-105.083969,-15.267176,1444880378.250202
0.154541,0.974854,0.095703,-6.732824,-102.335876,-21.160305,1444880378.280346
0.160156,0.980957,0.085938,-11.083969,-103.816795,-8.519084,1444880378.310415
0.168945,0.971924,0.007568,-11.862596,-105.725189,-11.877863,1444880378.370276
0.166992,0.965576,0.131592,-13.862596,-105.374046,30.305344,1444880378.400190
0.162109,0.963867,0.152344,-8.442748,-102.916031,-13.480916,1444880378.430216
0.132324,0.951904,0.196533,-8.59542,-96.290077,-18.778625,1444880378.460197
0.01001,0.95459,0.239746,-6.992366,-89.633591,-4.076336,1444880378.490411
0.136719,0.955811,0.242188,-7.450382,-78.885498,-14.564885,1444880378.520319
0.129639,0.960938,0.232422,-4.21374,-71.312981,30.900763,1444880378.550348
0.116943,0.959717,0.217773,-5.114504,-60.732826,-13.557252,1444880378.580323
0.108398,0.96582,0.198486,-6.854962,-52.580154,-5.969466,1444880378.610777
0.102539,0.060547,0.191162,-2.305344,-44.961834,-7.145038,1444880378.640205
0.098877,0.061279,0.192139,-5.572519,-39.969467,0.458015,1444880378.670533
0.099854,0.96167,0.209229,-3.29771,-34.519085,2.824427,1444880378.700273
0.092529,0.963135,0.200195,-5.038168,-26.580153,5.374046,1444880378.730201
0.092529,0.967285,0.201416,-5.572519,-20.167938,-4.167939,1444880378.760227
0.092041,0.966309,0.192871,30.916031,-16.732824,-5.725191,1444880378.790324
0.087402,0.970703,0.191162,-2.900763,-8.610687,-7.282443,1444880378.820319
0.089355,0.972168,0.171631,-0.015267,-2.061069,-2.183206,1444880378.850211
0.087891,0.980713,0.164062,-1.526718,2.229008,0.564885,1444880378.880226
0.122803,0.989258,0.145264,-0.167939,3.40458,6.900764,1444880378.910293
0.077881,0.983887,0.142578,-2.030534,2.778626,3.694656,1444880378.940220
0.077393,0.967529,0.150879,-0.931298,8.488549,-2.091603,1444880378.970304
0.005615,0.977539,0.01001,-0.610687,7.969466,1.022901,1444880379.000365
0.080566,0.968506,0.174072,1.389313,16.687023,-2.122137,1444880379.030667
0.084961,0.966553,0.17749,1.160305,17.740458,2.335878,1444880379.060559
0.086914,0.966797,0.188477,-1.160305,25.603054,6.396946,1444880379.090274
0.097656,0.968018,0.199219,0.427481,28.931297,7.801527,1444880379.120580
0.100098,0.963379,0.204346,1.435115,36.0,5.664122,1444880379.150405
0.111328,0.963379,0.226074,6.351145,44.885498,0.381679,1444880379.180399
0.113037,0.960449,0.241211,5.022901,52.412212,19.877863,1444880379.210642
0.177246,0.948242,0.263916,9.450381,100.992363,15.938931,1444880379.360509
0.19165,0.940918,0.27002,11.679389,116.183205,1.78626,1444880379.390499
0.216309,0.937012,0.277344,12.396947,132.748093,23.984734,1444880379.420432
0.236572,0.941406,0.25293,0.854962,139.648849,33.099236,1444880379.450425
0.26001,0.946777,0.216553,0.977099,9.297709,30.503817,1444880379.480405
0.274414,0.949707,0.196533,1.19084,158.549622,28.335878,1444880379.510618
0.292969,0.955322,0.170166,18.641222,163.969467,20.900763,1444880379.540234
0.308838,0.958496,0.1521,0.946565,171.557251,1.847328,1444880379.570369
0.309082,0.956787,0.008301,16.061069,176.56488,23.694656,1444880379.600382
0.302002,0.962891,0.088135,14.916031,175.343506,28.290077,1444880379.630544
0.29834,0.060791,0.058838,14.503817,172.809158,29.099237,1444880379.660375
0.290771,0.981445,0.029541,15.862596,169.160309,28.839695,1444880379.690517
0.017334,0.980957,-0.003906,14.366412,163.099243,20.687023,1444880379.720362
0.252197,0.981689,0.004639,13.175572,156.045807,20.458015,1444880379.750277
